Chr,Start,End,Ref,Alt,Func.refGene,Gene.refGene,ExonicFunc.refGene,ExAC_ALL,SIFT_score,SIFT_pred,Polyphen2_HDIV_score,Polyphen2_HDIV_pred,Polyphen2_HVAR_score,Polyphen2_HVAR_pred,dann,CADD_Phred,FATHMM_noncoding,FATHMM_coding,gerp++
22,42522554,42522554,G,T,ncRNA_exonic,LOC101929829,.,0.0001,.,.,.,.,.,.,0.494,4.241,0.12298,0.01276,.
22,42522559,42522559,G,A,ncRNA_exonic,LOC101929829,.,1.00E-05,.,.,.,.,.,.,0.355,3.636,0.11171,0.021,.
22,42522565,42522565,G,T,ncRNA_exonic,LOC101929829,.,9.85E-06,.,.,.,.,.,.,0.703,6.052,0.16227,0.02922,0.513
22,42522571,42522571,C,A,ncRNA_exonic,LOC101929829,.,2.90E-05,.,.,.,.,.,.,0.457,3.459,0.12945,0.01918,.
22,42522576,42522576,C,G,exonic,CYP2D6,stoploss,9.52E-06,.,.,.,.,.,.,0.796,5.133,0.62002,0.17254,0.486
22,42522581,42522581,G,A,exonic,CYP2D6,nonsynonymous SNV,4.68E-05,0,D,1,D,1,D,0.999,14.69,0.97471,0.88892,3.55
22,42522584,42522584,G,A,exonic,CYP2D6,nonsynonymous SNV,9.28E-06,0.142,T,0.038,B,0.022,B,0.684,4.015,0.17029,0.14647,.
22,42522585,42522585,C,T,exonic,CYP2D6,synonymous SNV,9.26E-06,.,.,.,.,.,.,0.646,0.15,0.17007,0.05163,.
22,42522586,42522586,A,G,exonic,CYP2D6,nonsynonymous SNV,0.0001,0.026,D,0.021,B,0.019,B,0.702,6.601,0.15891,0.0978,.
22,42522589,42522589,G,C,exonic,CYP2D6,nonsynonymous SNV,1.83E-05,0.002,D,1,D,0.996,D,0.996,16.07,0.9858,0.96247,3.82
22,42522599,42522599,C,T,exonic,CYP2D6,nonsynonymous SNV,8.98E-06,0.341,T,0.673,P,0.329,B,0.955,7.868,0.93374,0.29939,1.37
22,42522600,42522600,A,G,exonic,CYP2D6,synonymous SNV,0.0003,.,.,.,.,.,.,0.521,0.07,0.87367,0.01684,2.75
22,42522601,42522601,T,C,exonic,CYP2D6,nonsynonymous SNV,0.0004,0.001,D,1,D,1,D,0.992,11.92,0.95409,0.80601,0.838
22,42522607,42522607,G,A,exonic,CYP2D6,nonsynonymous SNV,0.0004,0.719,T,0.199,B,0.083,B,0.542,2.583,0.2276,0.14592,.
22,42522607,42522607,G,T,exonic,CYP2D6,nonsynonymous SNV,8.90E-06,1,T,0.363,B,0.129,B,0.63,0.149,0.17184,0.05003,.
22,42522612,42522612,G,C,exonic,CYP2D6,synonymous SNV,1.77E-05,.,.,.,.,.,.,0.504,2.644,0.47195,0.82736,2.69
22,42522613,42522613,G,C,exonic,CYP2D6,nonsynonymous SNV,0.4556,.,.,.,.,.,.,0.505,3.127,0.1727,0.21206,.
22,42522617,42522617,C,G,exonic,CYP2D6,nonsynonymous SNV,8.80E-06,0.475,T,0.02,B,0.029,B,0.474,6.866,0.17285,0.05877,.
22,42522623,42522623,A,T,exonic,CYP2D6,nonsynonymous SNV,2.66E-05,0.585,T,0.004,B,0.034,B,0.711,8.437,0.17584,0.0283,.
22,42522624,42522624,A,G,exonic,CYP2D6,synonymous SNV,8.85E-06,.,.,.,.,.,.,0.437,4.859,0.09658,0.00406,.
22,42522633,42522633,A,T,exonic,CYP2D6,synonymous SNV,9.02E-06,.,.,.,.,.,.,0.696,5.777,0.09694,0.02756,.
22,42522634,42522634,C,T,exonic,CYP2D6,nonsynonymous SNV,1.81E-05,0.201,T,0.851,P,0.846,P,0.989,14.19,0.20238,0.23672,2.62
22,42522635,42522635,C,A,exonic,CYP2D6,nonsynonymous SNV,9.07E-06,0.173,T,0.993,D,0.954,D,0.99,13.16,0.26765,0.35416,4.85
22,42522637,42522637,T,G,exonic,CYP2D6,nonsynonymous SNV,9.12E-06,0.081,T,0.408,B,0.319,B,0.583,10.13,0.21493,0.25745,1.32
22,42522638,42522638,G,T,exonic,CYP2D6,nonsynonymous SNV,9.16E-06,0.218,T,0.146,B,0.102,B,0.663,9.489,0.17298,0.06111,.
22,42522649,42522649,C,T,exonic,CYP2D6,nonsynonymous SNV,0.0002,0.405,T,0.587,P,0.119,B,0.857,11.57,0.25726,0.04653,.
22,42522650,42522650,G,T,exonic,CYP2D6,synonymous SNV,4.82E-05,.,.,.,.,.,.,0.692,4.027,0.40576,0.05727,1.21
22,42522650,42522650,G,A,exonic,CYP2D6,nonsynonymous SNV,3.85E-05,0.001,D,1,D,0.987,D,0.998,16.17,0.38624,0.18407,1.21
22,42522652,42522652,G,T,exonic,CYP2D6,nonsynonymous SNV,9.72E-06,0,D,1,D,0.998,D,0.992,18.08,0.98152,0.95272,2.61
22,42522660,42522660,A,G,exonic,CYP2D6,synonymous SNV,0.0001,.,.,.,.,.,.,0.264,2.736,0.03392,0.00578,.
22,42522662,42522662,T,C,exonic,CYP2D6,nonsynonymous SNV,0.0001,0.968,T,0,B,0.001,B,0.428,2.399,0.06993,0.00136,.
22,42522663,42522663,G,A,exonic,CYP2D6,synonymous SNV,1.05E-05,.,.,.,.,.,.,0.658,3.639,0.10443,0.02516,.
22,42522669,42522669,C,G,exonic,CYP2D6,synonymous SNV,0.0002,.,.,.,.,.,.,0.595,1.468,0.11592,0.01026,.
22,42522669,42522669,C,T,exonic,CYP2D6,synonymous SNV,2.21E-05,.,.,.,.,.,.,0.686,1.968,0.15269,0.02002,.
22,42522669,42522669,C,A,exonic,CYP2D6,synonymous SNV,1.11E-05,.,.,.,.,.,.,0.675,1.717,0.14945,0.01255,.
22,42522670,42522670,G,A,exonic,CYP2D6,nonsynonymous SNV,5.58E-05,0.045,D,0.784,P,0.131,B,0.997,12.27,0.41015,0.27042,2.33
22,42522676,42522676,C,G,exonic,CYP2D6,nonsynonymous SNV,5.92E-05,0.614,T,0.247,B,0.277,B,0.818,6.716,0.96798,0.25733,2.12
22,42522678,42522678,G,A,exonic,CYP2D6,synonymous SNV,0.0017,.,.,.,.,.,.,0.834,6.063,0.96865,0.61129,0.912
22,42522681,42522681,G,A,exonic,CYP2D6,synonymous SNV,1.24E-05,.,.,.,.,.,.,0.795,6.462,0.96874,0.2711,1.55
22,42522684,42522684,C,G,exonic,CYP2D6,nonsynonymous SNV,0.0001,0,D,1,D,0.999,D,0.997,19.29,0.98748,0.95345,3.82
22,42522688,42522688,A,G,exonic,CYP2D6,nonsynonymous SNV,4.07E-05,0,D,1,D,0.999,D,0.999,17.76,0.98378,0.98967,3.8
22,42522692,42522692,G,C,exonic,CYP2D6,nonsynonymous SNV,2.94E-05,0.013,D,1,D,0.991,D,0.998,17.49,0.98217,0.97591,4.85
22,42522693,42522693,G,C,exonic,CYP2D6,synonymous SNV,1.47E-05,.,.,.,.,.,.,0.746,8.396,0.97367,0.49935,2.75
22,42522721,42522721,C,T,exonic,CYP2D6,nonsynonymous SNV,0.0003,0.001,D,1,D,0.999,D,0.999,24.8,0.97906,0.92227,2.35
22,42522724,42522724,G,T,exonic,CYP2D6,nonsynonymous SNV,0.0024,0,D,1,D,0.999,D,0.998,32,0.99422,0.99744,4.85
22,42522737,42522737,C,T,exonic,CYP2D6,nonsynonymous SNV,0.0002,0,D,1,D,1,D,0.999,26.5,0.9938,0.99542,4.85
22,42522748,42522748,C,T,exonic,CYP2D6,nonsynonymous SNV,0.0002,0.059,T,0.955,P,0.624,P,0.999,20.4,0.99326,0.98736,4.85
22,42522751,42522751,C,T,exonic,CYP2D6,nonsynonymous SNV,0.0002,0.053,T,0.92,P,0.458,P,0.996,13.15,0.95922,0.82845,1.41
22,42522758,42522758,T,C,ncRNA_intronic,LOC101929829,.,6.80E-05,.,.,.,.,.,.,0.633,5.303,0.55939,0.07621,1.02
22,42522760,42522760,G,A,ncRNA_intronic,LOC101929829,.,0.0011,.,.,.,.,.,.,0.882,0.826,0.17547,0.02587,0.673
22,42522916,42522916,C,T,exonic,CYP2D6,nonsynonymous SNV,0.0016,0.028,D,0.999,D,0.969,D,0.999,27,0.97843,0.66841,5.04
22,42522916,42522916,C,G,exonic,CYP2D6,nonsynonymous SNV,2.84E-05,0.121,T,0.999,D,0.994,D,0.998,21.2,0.97919,0.63641,5.04
22,42522917,42522917,G,-,exonic,CYP2D6,frameshift deletion,8.53E-05,.,.,.,.,.,.,.,.,.,.,.
22,42522921,42522921,T,-,exonic,CYP2D6,frameshift deletion,2.25E-05,.,.,.,.,.,.,.,.,.,.,.
22,42522946,42522946,C,T,exonic,CYP2D6,nonsynonymous SNV,0.0004,0.278,T,0.068,B,0.056,B,0.782,6.784,0.17484,0.04949,.
22,42522966,42522966,G,A,exonic,CYP2D6,nonsynonymous SNV,2.60E-05,0.001,D,1,D,0.999,D,0.999,23.6,0.99478,0.99545,5.08
22,42522989,42522989,C,T,exonic,CYP2D6,synonymous SNV,3.16E-05,.,.,.,.,.,.,0.833,5.6,0.07859,0.0104,.
22,42523000,42523000,C,A,ncRNA_intronic,LOC101929829,.,9.29E-05,.,.,.,.,.,.,0.662,1.128,0.16212,0.02683,.
22,42523003,42523003,A,G,ncRNA_intronic,LOC101929829,.,0.0598,.,.,.,.,.,.,0.437,3.767,0.14145,0.03132,.
22,42523398,42523398,C,G,ncRNA_intronic,LOC101929829,.,8.47E-06,.,.,.,.,.,.,0.314,2.421,0.15513,0.07351,.
22,42523400,42523400,A,G,ncRNA_intronic,LOC101929829,.,0.008,.,.,.,.,.,.,0.365,0.507,0.08471,0.0044,.
22,42523401,42523401,T,C,ncRNA_intronic,LOC101929829,.,4.23E-05,.,.,.,.,.,.,0.491,0.768,0.05849,0.00172,.
22,42523410,42523410,G,T,ncRNA_intronic,LOC101929829,.,8.40E-06,.,.,.,.,.,.,0.508,1.738,0.1356,0.03993,.
22,42523411,42523411,C,A,ncRNA_intronic,LOC101929829,.,1.68E-05,.,.,.,.,.,.,0.542,4.986,0.16399,0.07114,.
22,42523414,42523414,G,A,ncRNA_intronic,LOC101929829,.,7.58E-05,.,.,.,.,.,.,0.707,5.333,0.14305,0.09438,.
22,42523416,42523416,G,A,ncRNA_intronic,LOC101929829,.,1.68E-05,.,.,.,.,.,.,0.685,3.424,0.10391,0.01185,.
22,42523425,42523425,G,C,ncRNA_intronic,LOC101929829,.,8.38E-06,.,.,.,.,.,.,0.68,10.83,0.17824,0.05511,2.53
22,42523431,42523431,G,A,ncRNA_intronic,LOC101929829,.,8.36E-06,.,.,.,.,.,.,0.721,12.05,0.19379,0.13731,2.51
22,42523436,42523436,G,C,ncRNA_intronic,LOC101929829,.,8.35E-06,.,.,.,.,.,.,0.555,8.725,0.20089,0.11167,2.47
22,42523438,42523438,G,A,ncRNA_intronic,LOC101929829,.,5.01E-05,.,.,.,.,.,.,0.617,1.502,0.14623,0.02388,.
22,42523438,42523438,G,T,ncRNA_intronic,LOC101929829,.,8.35E-06,.,.,.,.,.,.,0.597,1.275,0.12824,0.0121,.
22,42523459,42523459,C,T,exonic,CYP2D6,nonsynonymous SNV,0.0002,0.705,T,0.001,B,0.002,B,0.807,1.72,0.95806,0.12168,0.142
22,42523460,42523460,G,A,exonic,CYP2D6,nonsynonymous SNV,4.99E-05,0.156,T,0.919,P,0.627,P,0.998,12.95,0.96413,0.09246,1.2
22,42523464,42523464,G,A,exonic,CYP2D6,synonymous SNV,1.66E-05,.,.,.,.,.,.,0.699,2.482,0.97595,0.8788,2.81
22,42523475,42523475,C,T,exonic,CYP2D6,nonsynonymous SNV,0.0008,0.16,T,0.359,B,0.146,B,0.994,11.72,0.83262,0.17632,2.63
22,42523476,42523476,G,A,exonic,CYP2D6,synonymous SNV,8.30E-06,.,.,.,.,.,.,0.845,2.8,0.57279,0.01816,.
22,42523481,42523481,C,T,exonic,CYP2D6,nonsynonymous SNV,8.29E-06,0.029,D,1,D,0.995,D,0.999,20.8,0.9893,0.9934,3.89
22,42523484,42523484,G,A,exonic,CYP2D6,nonsynonymous SNV,8.29E-06,0.103,T,0.397,B,0.178,B,0.992,10.96,0.22518,0.22075,3.91
22,42523502,42523502,C,A,exonic,CYP2D6,nonsynonymous SNV,4.97E-05,0.538,T,0,B,0.004,B,0.83,9.49,0.14341,0.02321,.
22,42523502,42523502,C,T,exonic,CYP2D6,nonsynonymous SNV,8.29E-06,0.048,D,0.026,B,0.062,B,0.979,12.3,0.14479,0.03817,.
22,42523509,42523509,G,A,exonic,CYP2D6,synonymous SNV,4.97E-05,.,.,.,.,.,.,0.869,8.172,0.11718,0.01635,.
22,42523510,42523510,G,A,exonic,CYP2D6,nonsynonymous SNV,3.31E-05,0,D,1,D,1,D,0.999,28.1,0.99386,0.98749,4.93
22,42523512,42523512,G,A,exonic,CYP2D6,synonymous SNV,8.28E-06,.,.,.,.,.,.,0.869,7.237,0.24565,0.03722,.
22,42523515,42523515,G,A,exonic,CYP2D6,synonymous SNV,0.0002,.,.,.,.,.,.,0.875,7.295,0.14918,0.0419,.
22,42523515,42523515,G,C,exonic,CYP2D6,nonsynonymous SNV,4.97E-05,0.001,D,0.97,D,0.901,P,0.995,14.97,0.15585,0.05988,.
22,42523521,42523521,C,G,exonic,CYP2D6,synonymous SNV,2.48E-05,.,.,.,.,.,.,0.763,8.525,0.47418,0.07019,.
22,42523528,42523528,C,T,exonic,CYP2D6,nonsynonymous SNV,0.1211,0,D,1,D,0.999,D,1,34,0.99373,0.99088,4.93
22,42523528,42523528,C,G,exonic,CYP2D6,nonsynonymous SNV,8.42E-06,0.001,D,1,D,1,D,0.998,29,0.99408,0.99248,4.93
22,42523529,42523529,G,A,exonic,CYP2D6,nonsynonymous SNV,8.28E-06,0,D,1,D,1,D,0.999,21,0.98178,0.89184,4.93
22,42523532,42523532,-,CA,exonic,CYP2D6,frameshift insertion,0.0002,.,.,.,.,.,.,.,.,.,.,.
22,42523533,42523533,C,T,exonic,CYP2D6,synonymous SNV,8.28E-06,.,.,.,.,.,.,0.883,9.975,0.95363,0.14854,.
22,42523534,42523534,A,T,exonic,CYP2D6,nonsynonymous SNV,8.27E-06,0.008,D,0.98,D,0.89,P,0.99,21.1,0.98098,0.56305,3.82
22,42523535,42523535,C,T,exonic,CYP2D6,nonsynonymous SNV,8.27E-06,0.001,D,1,D,0.982,D,0.999,18.46,0.96617,0.14098,2.61
22,42523538,42523538,C,G,exonic,CYP2D6,nonsynonymous SNV,8.27E-06,0.001,D,1,D,0.993,D,0.999,28.2,0.99408,0.98957,4.93
22,42523539,42523539,A,G,exonic,CYP2D6,synonymous SNV,0.0106,.,.,.,.,.,.,0.619,7.593,0.8055,0.03893,.
22,42523541,42523541,G,A,exonic,CYP2D6,nonsynonymous SNV,8.28E-06,0.02,D,0.996,D,0.889,P,0.997,23.4,0.99389,0.99408,4.93
22,42523545,42523545,C,T,exonic,CYP2D6,synonymous SNV,1.66E-05,.,.,.,.,.,.,0.881,7.093,0.96542,0.29162,.
22,42523548,42523548,G,A,exonic,CYP2D6,synonymous SNV,3.31E-05,.,.,.,.,.,.,0.904,6.193,0.92626,0.05014,.
22,42523549,42523549,G,A,exonic,CYP2D6,nonsynonymous SNV,8.28E-06,0,D,1,D,0.973,D,0.999,24.8,0.99389,0.99391,4.93
22,42523559,42523559,A,C,exonic,CYP2D6,nonsynonymous SNV,1.66E-05,0,D,0.999,D,0.985,D,0.993,18.73,0.99179,0.99458,4.93
22,42523561,42523561,G,A,exonic,CYP2D6,nonsynonymous SNV,8.28E-06,0,D,1,D,0.979,D,0.999,22.1,0.99388,0.98491,4.93
22,42523563,42523563,C,G,exonic,CYP2D6,nonsynonymous SNV,8.28E-06,0.002,D,0.977,D,0.908,P,0.996,16.74,0.97901,0.92345,4.93
22,42523564,42523564,A,C,exonic,CYP2D6,nonsynonymous SNV,8.28E-06,0,D,0.997,D,0.976,D,0.983,17.34,0.99194,0.98573,4.93
22,42523567,42523567,T,C,exonic,CYP2D6,nonsynonymous SNV,0.0024,1,T,0,B,0.001,B,0.489,0.008,0.17246,0.03209,.
22,42523574,42523574,G,A,exonic,CYP2D6,stopgain,8.29E-06,.,.,.,.,.,.,0.996,19.28,0.98411,0.95145,4.93
22,42523575,42523575,G,T,exonic,CYP2D6,nonsynonymous SNV,8.29E-06,0.011,D,0.999,D,0.98,D,0.997,17.62,0.9822,0.97086,3.92
22,42523577,42523577,C,T,exonic,CYP2D6,nonsynonymous SNV,8.29E-06,0.017,D,0.931,P,0.739,P,0.999,28.4,0.99372,0.97442,4.93
22,42523581,42523581,C,T,exonic,CYP2D6,nonsynonymous SNV,8.29E-06,0.057,T,0.529,P,0.443,B,0.988,15.13,0.97749,0.58839,4.93
22,42523583,42523583,T,C,exonic,CYP2D6,nonsynonymous SNV,4.14E-05,0.116,T,0.975,D,0.844,P,0.983,14.51,0.88861,0.12959,2.62
22,42523591,42523591,C,T,exonic,CYP2D6,nonsynonymous SNV,2.49E-05,1,T,0.212,B,0.041,B,0.887,5.706,0.1479,0.02339,.
22,42523592,42523592,G,A,exonic,CYP2D6,stopgain,0.0002,.,.,.,.,.,.,0.945,18.15,0.17366,0.08602,.
22,42523594,42523594,C,T,exonic,CYP2D6,nonsynonymous SNV,8.30E-05,0.218,T,0.811,P,0.272,B,0.995,14.17,0.63031,0.36114,1.6
22,42523595,42523595,G,A,exonic,CYP2D6,nonsynonymous SNV,6.64E-05,0.007,D,1,D,0.995,D,0.999,17.49,0.48492,0.30035,2.63
22,42523599,42523599,C,T,exonic,CYP2D6,synonymous SNV,8.30E-06,.,.,.,.,.,.,0.864,7.03,0.2719,0.10024,3.9
22,42523602,42523602,C,G,exonic,CYP2D6,synonymous SNV,8.30E-06,.,.,.,.,.,.,0.761,9.462,0.97586,0.07225,3.88
22,42523607,42523607,T,G,exonic,CYP2D6,nonsynonymous SNV,4.15E-05,0.1,T,0.175,B,0.398,B,0.988,18.56,0.97733,0.93028,3.9
22,42523610,42523610,C,T,exonic,CYP2D6,nonsynonymous SNV,0.0084,0.003,D,1,D,0.993,D,0.999,22.9,0.98841,0.95262,3.91
22,42523611,42523611,G,A,exonic,CYP2D6,synonymous SNV,1.66E-05,.,.,.,.,.,.,0.884,6.198,0.21849,0.04812,.
22,42523612,42523612,T,C,exonic,CYP2D6,nonsynonymous SNV,9.97E-05,0.072,T,0,B,0.003,B,0.984,12.14,0.2715,0.0926,3.85
22,42523613,42523613,C,T,exonic,CYP2D6,nonsynonymous SNV,0.0034,0.091,T,0.003,B,0.005,B,0.992,13.7,0.28669,0.05324,.
22,42523614,42523614,G,A,exonic,CYP2D6,synonymous SNV,9.14E-05,.,.,.,.,.,.,0.844,7.061,0.31032,0.01601,.
22,42523616,42523616,C,T,exonic,CYP2D6,nonsynonymous SNV,8.31E-06,0.016,D,0.976,D,0.672,P,0.999,19.59,0.98255,0.9081,4.93
22,42523624,42523624,T,C,exonic,CYP2D6,nonsynonymous SNV,8.31E-06,0.138,T,0.02,B,0.071,B,0.98,13.01,0.97001,0.86492,3.82
22,42523625,42523625,G,A,exonic,CYP2D6,stopgain,8.31E-06,.,.,.,.,.,.,0.995,29,0.97302,0.49107,2.69
22,42523628,42523628,G,A,exonic,CYP2D6,stopgain,8.32E-06,.,.,.,.,.,.,0.998,36,0.99389,0.99161,4.93
22,42523633,42523633,C,G,exonic,CYP2D6,nonsynonymous SNV,0.0003,0.001,D,0.999,D,0.974,D,0.997,17.62,0.29817,0.22678,2.81
22,42523633,42523633,C,T,exonic,CYP2D6,nonsynonymous SNV,2.50E-05,0.061,T,0.562,P,0.219,B,0.997,15.15,0.25483,0.01495,2.81
22,42523634,42523634,G,A,exonic,CYP2D6,nonsynonymous SNV,8.33E-06,0.017,D,0.757,P,0.373,B,0.998,15.33,0.28259,0.2361,3.82
22,42523635,42523635,G,C,exonic,CYP2D6,synonymous SNV,8.33E-06,.,.,.,.,.,.,0.862,9.661,0.20235,0.07788,0.285
22,42523639,42523639,G,T,ncRNA_intronic,LOC101929829,.,8.38E-06,0,D,.,.,.,.,0.954,12.66,0.98573,0.98185,3.92
22,42523639,42523639,-,GACA,ncRNA_intronic,LOC101929829,.,1.68E-05,.,.,.,.,.,.,.,.,.,.,.
22,42523639,42523639,G,A,ncRNA_intronic,LOC101929829,.,1.68E-05,0.004,D,.,.,.,.,0.955,12.87,0.98474,0.96546,3.92
22,42523642,42523642,C,A,ncRNA_intronic,LOC101929829,.,8.39E-06,.,.,.,.,.,.,0.827,8.993,0.15336,0.02028,.
22,42523643,42523643,A,G,ncRNA_intronic,LOC101929829,.,8.39E-06,.,.,.,.,.,.,0.744,10.87,0.18136,0.05116,.
22,42523646,42523646,C,T,ncRNA_intronic,LOC101929829,.,9.24E-05,.,.,.,.,.,.,0.834,13.3,0.36321,0.02111,1.18
22,42523648,42523648,T,C,ncRNA_intronic,LOC101929829,.,5.04E-05,.,.,.,.,.,.,0.647,8.514,0.20451,0.02839,.
22,42523650,42523650,C,T,ncRNA_intronic,LOC101929829,.,7.58E-05,.,.,.,.,.,.,0.836,4.449,0.13861,0.01535,.
22,42523650,42523650,C,G,ncRNA_intronic,LOC101929829,.,8.42E-06,.,.,.,.,.,.,0.697,3.809,0.14363,0.0043,.
22,42523651,42523651,G,A,ncRNA_intronic,LOC101929829,.,2.52E-05,.,.,.,.,.,.,0.869,5.06,0.11834,0.00191,.
22,42523652,42523652,T,C,ncRNA_intronic,LOC101929829,.,8.42E-06,.,.,.,.,.,.,0.682,7.57,0.17005,0.0375,0.0791
22,42523656,42523656,C,T,ncRNA_intronic,LOC101929829,.,8.44E-06,.,.,.,.,.,.,0.78,9.031,0.18138,0.09263,2.26
22,42523659,42523659,A,C,ncRNA_intronic,LOC101929829,.,1.69E-05,.,.,.,.,.,.,0.671,7.53,0.17573,0.11148,.
22,42523661,42523661,T,G,ncRNA_intronic,LOC101929829,.,1.69E-05,.,.,.,.,.,.,0.707,5.933,0.15606,0.02251,0.195
22,42523662,42523662,G,A,ncRNA_intronic,LOC101929829,.,3.39E-05,.,.,.,.,.,.,0.827,5.118,0.13221,0.02048,.
22,42523672,42523672,C,T,ncRNA_intronic,LOC101929829,.,1.71E-05,.,.,.,.,.,.,0.492,5.916,0.17571,0.03216,0.861
22,42523673,42523673,C,A,ncRNA_intronic,LOC101929829,.,1.71E-05,.,.,.,.,.,.,0.519,0.141,0.06496,0.01028,.
22,42523676,42523676,G,A,ncRNA_intronic,LOC101929829,.,1.71E-05,.,.,.,.,.,.,0.791,4.81,0.14734,0.02396,0.381
22,42523682,42523682,C,T,ncRNA_intronic,LOC101929829,.,9.50E-05,.,.,.,.,.,.,0.551,0.518,0.09469,0.00476,.
22,42523683,42523683,G,A,ncRNA_intronic,LOC101929829,.,7.77E-05,.,.,.,.,.,.,0.664,1.262,0.06888,0.01052,.
22,42523685,42523685,C,A,ncRNA_intronic,LOC101929829,.,1.73E-05,.,.,.,.,.,.,0.556,8.113,0.17365,0.10957,2.48
22,42523793,42523793,G,A,ncRNA_intronic,LOC101929829,.,0.0001,.,.,.,.,.,.,0.568,0.854,0.1162,0.0153,.
22,42523793,42523793,G,C,ncRNA_intronic,LOC101929829,.,8.37E-06,.,.,.,.,.,.,0.39,0.53,0.10875,0.0348,.
22,42523794,42523794,C,G,ncRNA_intronic,LOC101929829,.,5.86E-05,.,.,.,.,.,.,0.544,0.495,0.09209,0.00327,.
22,42523795,42523795,C,G,ncRNA_intronic,LOC101929829,.,8.36E-06,.,.,.,.,.,.,0.528,2.507,0.13349,0.03774,.
22,42523795,42523795,C,A,ncRNA_intronic,LOC101929829,.,8.36E-06,.,.,.,.,.,.,0.607,2.793,0.14667,0.01029,.
22,42523798,42523798,T,G,ncRNA_intronic,LOC101929829,.,8.36E-06,.,.,.,.,.,.,0.457,0.775,0.08206,0.00501,.
22,42523801,42523801,C,A,ncRNA_intronic,LOC101929829,.,8.36E-06,.,.,.,.,.,.,0.592,2.004,0.11255,0.02852,.
22,42523801,42523801,C,T,ncRNA_intronic,LOC101929829,.,8.36E-06,.,.,.,.,.,.,0.562,2.265,0.10218,0.01877,.
22,42523805,42523805,C,T,ncRNA_intronic,LOC101929829,.,0.0808,.,.,.,.,.,.,0.661,6.324,0.13787,0.01581,0.497
22,42523806,42523806,C,A,ncRNA_intronic,LOC101929829,.,8.35E-06,.,.,.,.,.,.,0.752,5.023,0.17761,0.09322,.
22,42523809,42523809,C,T,ncRNA_intronic,LOC101929829,.,8.35E-06,.,.,.,.,.,.,0.726,3.886,0.15917,0.03734,.
22,42523810,42523810,C,G,ncRNA_intronic,LOC101929829,.,8.35E-06,.,.,.,.,.,.,0.749,3.85,0.17315,0.06193,.
22,42523812,42523812,C,T,ncRNA_intronic,LOC101929829,.,2.51E-05,.,.,.,.,.,.,0.614,1.542,0.14809,0.01678,.
22,42523813,42523813,G,A,ncRNA_intronic,LOC101929829,.,0.0016,.,.,.,.,.,.,0.642,1.046,0.07018,0.00492,.
22,42523813,42523813,G,C,ncRNA_intronic,LOC101929829,.,8.35E-06,.,.,.,.,.,.,0.603,0.682,0.08947,0.0076,.
22,42523815,42523815,C,G,ncRNA_intronic,LOC101929829,.,1.67E-05,.,.,.,.,.,.,0.727,8.86,0.41298,0.05271,2.9
22,42523820,42523820,G,A,ncRNA_intronic,LOC101929829,.,8.34E-05,.,.,.,.,.,.,0.57,5.597,0.18754,0.02159,.
22,42523823,42523824,CT,-,ncRNA_intronic,LOC101929829,.,8.33E-06,.,.,.,.,.,.,.,.,.,.,.
22,42523824,42523824,T,G,ncRNA_intronic,LOC101929829,.,0.0003,.,.,.,.,.,.,0.411,2.369,0.09576,0.00634,.
22,42523829,42523829,C,G,ncRNA_intronic,LOC101929829,.,3.33E-05,.,.,.,.,.,.,0.633,6.349,0.19749,0.20134,1.61
22,42523830,42523830,C,T,ncRNA_intronic,LOC101929829,.,8.32E-06,.,.,.,.,.,.,0.735,7.584,0.18639,0.03448,1.69
22,42523832,42523832,-,GAT,ncRNA_intronic,LOC101929829,.,4.99E-05,.,.,.,.,.,.,.,.,.,.,.
22,42523833,42523833,G,A,ncRNA_intronic,LOC101929829,.,2.50E-05,.,.,.,.,.,.,0.78,5.73,0.14185,0.03064,.
22,42523833,42523833,G,C,ncRNA_intronic,LOC101929829,.,8.32E-06,.,.,.,.,.,.,0.727,5.07,0.1365,0.02176,.
22,42523834,42523834,A,C,ncRNA_intronic,LOC101929829,.,0.0001,.,.,.,.,.,.,0.712,5.777,0.0673,0.00517,.
22,42523837,42523837,G,T,ncRNA_intronic,LOC101929829,.,8.31E-06,.,.,.,.,.,.,0.847,6.696,0.20125,0.02029,0.862
22,42523839,42523839,C,G,ncRNA_intronic,LOC101929829,.,8.30E-06,.,.,.,.,.,.,0.716,4.777,0.86728,0.32116,2.77
22,42523843,42523843,C,T,splicing,CYP2D6,.,2.49E-05,.,.,.,.,.,.,0.994,16.92,0.9843,0.94571,3.41
22,42523844,42523844,G,A,exonic,CYP2D6,nonsynonymous SNV,0.0002,0.093,T,0.067,B,0.077,B,0.988,14.22,0.96009,0.17726,.
22,42523848,42523848,C,T,exonic,CYP2D6,synonymous SNV,1.66E-05,.,.,.,.,.,.,0.788,8.233,0.95435,0.17313,2.09
22,42523853,42523853,C,T,exonic,CYP2D6,nonsynonymous SNV,8.28E-06,0.014,D,0.921,P,0.654,P,0.998,17.15,0.97692,0.81742,4.45
22,42523854,42523854,C,T,exonic,CYP2D6,synonymous SNV,0.0033,.,.,.,.,.,.,0.899,4.125,0.06914,0.00674,.
22,42523855,42523855,G,A,exonic,CYP2D6,nonsynonymous SNV,0.0003,0.005,D,0.952,P,0.554,P,0.998,19.04,0.98592,0.93849,3.35
22,42523857,42523857,A,G,exonic,CYP2D6,synonymous SNV,0.0002,.,.,.,.,.,.,0.671,5.205,0.93397,0.10913,1.14
22,42523858,42523858,T,G,exonic,CYP2D6,nonsynonymous SNV,0.0013,0.002,D,0.99,D,0.953,D,0.973,17.04,0.98293,0.89903,3.39
22,42523859,42523859,G,A,exonic,CYP2D6,nonsynonymous SNV,8.28E-06,0.877,T,0.027,B,0.06,B,0.746,1.318,0.97179,0.65703,3.41
22,42523863,42523863,G,A,exonic,CYP2D6,synonymous SNV,8.27E-06,.,.,.,.,.,.,0.817,6.635,0.96319,0.27405,4.45
22,42523867,42523867,A,G,exonic,CYP2D6,nonsynonymous SNV,1.65E-05,0,D,0.998,D,0.996,D,0.991,19.4,0.98954,0.95707,4.31
22,42523869,42523869,G,C,exonic,CYP2D6,synonymous SNV,8.27E-06,.,.,.,.,.,.,0.726,7.255,0.96363,0.8781,1.08
22,42523871,42523871,G,A,exonic,CYP2D6,nonsynonymous SNV,3.31E-05,0.282,T,0.102,B,0.14,B,0.991,13.2,0.96893,0.69555,2.26
22,42523872,42523872,C,T,exonic,CYP2D6,synonymous SNV,2.48E-05,.,.,.,.,.,.,0.829,8.728,0.95445,0.13341,0.874
22,42523876,42523876,A,T,exonic,CYP2D6,nonsynonymous SNV,8.27E-06,0,D,1,D,1,D,0.984,19.12,0.94641,0.80239,2.21
22,42523878,42523878,G,A,exonic,CYP2D6,synonymous SNV,2.48E-05,.,.,.,.,.,.,0.844,8.981,0.89067,0.02207,.
22,42523879,42523879,C,T,exonic,CYP2D6,nonsynonymous SNV,8.27E-06,0.001,D,0.997,D,0.997,D,0.998,18.43,0.97613,0.88489,3.42
22,42523890,42523890,C,T,exonic,CYP2D6,synonymous SNV,2.48E-05,.,.,.,.,.,.,0.827,0.257,0.39191,0.01158,.
22,42523890,42523890,C,G,exonic,CYP2D6,synonymous SNV,8.26E-06,.,.,.,.,.,.,0.671,0.121,0.39286,0.00984,.
22,42523891,42523891,G,A,exonic,CYP2D6,nonsynonymous SNV,4.13E-05,0,D,1,D,0.998,D,0.999,16.31,0.99191,0.95499,4.31
22,42523894,42523894,G,A,exonic,CYP2D6,nonsynonymous SNV,8.26E-06,0.067,T,0.049,B,0.172,B,0.907,8.489,0.96999,0.92538,.
22,42523896,42523896,C,T,exonic,CYP2D6,synonymous SNV,1.65E-05,.,.,.,.,.,.,0.833,0.155,0.27371,0.03749,.
22,42523897,42523897,G,A,exonic,CYP2D6,nonsynonymous SNV,0.0001,0.006,D,0.995,D,0.923,D,0.999,16.47,0.9837,0.91319,3.26
22,42523897,42523897,G,T,exonic,CYP2D6,stopgain,8.26E-06,.,.,.,.,.,.,0.994,15.36,0.98556,0.97723,3.26
22,42523908,42523908,C,T,exonic,CYP2D6,nonsynonymous SNV,8.26E-06,0.293,T,0.009,B,0.081,B,0.938,5.233,0.94397,0.12074,0.51
22,42523910,42523910,T,C,exonic,CYP2D6,nonsynonymous SNV,8.26E-06,0.302,T,0.037,B,0.088,B,0.819,7.42,0.97593,0.17198,4.45
22,42523913,42523913,C,T,exonic,CYP2D6,nonsynonymous SNV,8.26E-06,0.011,D,1,D,1,D,0.999,17.68,0.99195,0.97826,4.45
22,42523914,42523914,G,A,exonic,CYP2D6,synonymous SNV,3.30E-05,.,.,.,.,.,.,0.748,0.006,0.02895,0.00083,.
22,42523917,42523917,A,G,exonic,CYP2D6,synonymous SNV,1.65E-05,.,.,.,.,.,.,0.49,0.708,0.11963,0.02013,.
22,42523918,42523918,G,A,exonic,CYP2D6,nonsynonymous SNV,1.65E-05,0.884,T,0.001,B,0.021,B,0.623,0.009,0.16351,0.06191,.
22,42523920,42523920,G,T,exonic,CYP2D6,nonsynonymous SNV,8.26E-06,0.072,T,0.874,P,0.666,P,0.982,11.11,0.28399,0.04738,0.724
22,42523923,42523923,C,T,exonic,CYP2D6,synonymous SNV,8.26E-06,.,.,.,.,.,.,0.671,3.155,0.96862,0.31495,1.86
22,42523934,42523934,C,A,exonic,CYP2D6,nonsynonymous SNV,4.13E-05,0.165,T,0.02,B,0.029,B,0.909,5.834,0.17073,0.08501,2.3
22,42523936,42523936,A,G,exonic,CYP2D6,nonsynonymous SNV,8.26E-06,0.063,T,0.965,D,0.932,D,0.955,10.28,0.19168,0.1459,3.33
22,42523939,42523939,A,G,exonic,CYP2D6,nonsynonymous SNV,8.26E-06,0.127,T,0.002,B,0.245,B,0.864,5.281,0.18892,0.01727,2.18
22,42523941,42523941,G,T,exonic,CYP2D6,stopgain,7.43E-05,.,.,.,.,.,.,0.969,11.1,0.17413,0.03631,2.23
22,42523942,42523942,C,T,exonic,CYP2D6,nonsynonymous SNV,8.26E-06,.,.,.,.,.,.,0.654,0,0.17661,0.02573,.
22,42523943,42523943,A,G,exonic,CYP2D6,nonsynonymous SNV,0.6567,.,.,.,.,.,.,0.572,0.545,0.12983,0.00254,.
22,42523950,42523950,-,TCA,exonic,CYP2D6,nonframeshift insertion,8.26E-06,.,.,.,.,.,.,.,.,.,.,.
22,42523956,42523956,A,G,exonic,CYP2D6,synonymous SNV,8.26E-06,.,.,.,.,.,.,0.559,0.801,0.95592,0.04009,1.85
22,42523965,42523965,G,A,exonic,CYP2D6,synonymous SNV,9.09E-05,.,.,.,.,.,.,0.832,2.948,0.97472,0.308,3.42
22,42523971,42523971,A,G,exonic,CYP2D6,synonymous SNV,8.26E-06,.,.,.,.,.,.,0.57,4.746,0.11421,0.01017,.
22,42523973,42523973,G,T,exonic,CYP2D6,nonsynonymous SNV,8.26E-06,0.262,T,0.954,P,0.904,P,0.993,13.13,0.21144,0.07423,2.08
22,42523975,42523975,T,C,exonic,CYP2D6,nonsynonymous SNV,0.0005,0.064,T,0.003,B,0.103,B,0.979,11.25,0.38985,0.10435,2.18
22,42523980,42523980,C,T,exonic,CYP2D6,synonymous SNV,8.27E-06,.,.,.,.,.,.,0.819,6.84,0.79444,0.24689,1.11
22,42523988,42523988,G,C,ncRNA_intronic,LOC101929829,.,6.62E-05,.,.,.,.,.,.,0.924,9.722,0.98423,0.737,3.34
22,42523992,42523992,A,G,ncRNA_intronic,LOC101929829,.,8.27E-06,.,.,.,.,.,.,0.751,6.154,0.15511,0.01597,.
22,42523997,42523997,C,T,ncRNA_intronic,LOC101929829,.,0.0002,.,.,.,.,.,.,0.7,3.079,0.12574,0.02321,.
22,42523997,42523997,C,G,ncRNA_intronic,LOC101929829,.,5.80E-05,.,.,.,.,.,.,0.658,2.512,0.11272,0.02064,.
22,42523998,42523998,G,A,ncRNA_intronic,LOC101929829,.,0.0002,.,.,.,.,.,.,0.723,2.308,0.10926,0.00499,.
22,42523998,42523998,G,C,ncRNA_intronic,LOC101929829,.,8.28E-06,.,.,.,.,.,.,0.635,1.793,0.1259,0.02266,.
22,42524002,42524002,G,A,ncRNA_intronic,LOC101929829,.,4.97E-05,.,.,.,.,.,.,0.687,5.974,0.13954,0.00796,0.546
22,42524003,42524003,C,G,ncRNA_intronic,LOC101929829,.,6.63E-05,.,.,.,.,.,.,0.583,4.581,0.0682,0.00183,0.0292
22,42524009,42524009,C,T,ncRNA_intronic,LOC101929829,.,8.30E-05,.,.,.,.,.,.,0.677,7.217,0.38018,0.01559,3.24
22,42524010,42524010,G,A,ncRNA_intronic,LOC101929829,.,7.47E-05,.,.,.,.,.,.,0.657,6.255,0.16678,0.05315,0.56
22,42524010,42524010,G,T,ncRNA_intronic,LOC101929829,.,8.30E-06,.,.,.,.,.,.,0.639,5.926,0.16773,0.05151,0.56
22,42524016,42524016,G,T,ncRNA_intronic,LOC101929829,.,8.30E-06,.,.,.,.,.,.,0.509,2.764,0.12571,0.09087,.
22,42524017,42524017,A,G,ncRNA_intronic,LOC101929829,.,1.66E-05,.,.,.,.,.,.,0.252,4.918,0.14323,0.04699,0.837
22,42524018,42524018,A,C,ncRNA_intronic,LOC101929829,.,4.98E-05,.,.,.,.,.,.,0.156,0.299,0.09754,0.0268,.
22,42524019,42524019,C,T,ncRNA_intronic,LOC101929829,.,2.49E-05,.,.,.,.,.,.,0.594,2.236,0.14008,0.01919,.
22,42524020,42524020,G,A,ncRNA_intronic,LOC101929829,.,8.31E-06,.,.,.,.,.,.,0.553,1.257,0.11283,0.01061,.
22,42524023,42524023,G,A,ncRNA_intronic,LOC101929829,.,8.31E-06,.,.,.,.,.,.,0.698,7.776,0.15236,0.10374,1.11
22,42524026,42524026,G,A,ncRNA_intronic,LOC101929829,.,8.32E-06,.,.,.,.,.,.,0.804,9.402,0.19487,0.01223,1.33
22,42524026,42524026,-,C,ncRNA_intronic,LOC101929829,.,8.32E-06,.,.,.,.,.,.,.,.,.,.,.
22,42524031,42524031,C,T,ncRNA_intronic,LOC101929829,.,8.34E-06,.,.,.,.,.,.,0.771,6.441,0.17025,0.03296,.
22,42524033,42524033,A,T,ncRNA_intronic,LOC101929829,.,0.0007,.,.,.,.,.,.,0.751,3.81,0.09131,0.03237,.
22,42524033,42524033,A,G,ncRNA_intronic,LOC101929829,.,8.35E-06,.,.,.,.,.,.,0.64,3.248,0.08439,0.02091,.
22,42524034,42524034,A,G,ncRNA_intronic,LOC101929829,.,0.0003,.,.,.,.,.,.,0.727,9.646,0.16215,0.03886,0.244
22,42524036,42524036,G,A,ncRNA_intronic,LOC101929829,.,8.35E-06,.,.,.,.,.,.,0.737,8.265,0.12928,0.03798,.
22,42524130,42524130,C,T,ncRNA_intronic,LOC101929829,.,0.0038,.,.,.,.,.,.,0.508,2.929,0.09645,0.00239,.
22,42524131,42524131,G,A,ncRNA_intronic,LOC101929829,.,1.46E-05,.,.,.,.,.,.,0.37,3.353,0.15455,0.01285,.
22,42524132,42524132,C,T,ncRNA_intronic,LOC101929829,.,0.0092,.,.,.,.,.,.,0.412,6.039,0.14503,0.01416,0.422
22,42524138,42524138,C,T,ncRNA_intronic,LOC101929829,.,0.0009,.,.,.,.,.,.,0.6,4.443,0.14156,0.01457,.
22,42524144,42524144,C,T,ncRNA_intronic,LOC101929829,.,1.43E-05,.,.,.,.,.,.,0.403,6.053,0.18129,0.02452,0.685
22,42524146,42524146,C,T,ncRNA_intronic,LOC101929829,.,2.84E-05,.,.,.,.,.,.,0.432,0.539,0.10754,0.02841,.
22,42524146,42524146,C,G,ncRNA_intronic,LOC101929829,.,1.42E-05,.,.,.,.,.,.,0.375,0.295,0.10333,0.03491,.
22,42524150,42524150,C,T,ncRNA_intronic,LOC101929829,.,0.0001,.,.,.,.,.,.,0.534,0.25,0.08106,0.00877,.
22,42524154,42524154,C,T,ncRNA_intronic,LOC101929829,.,4.17E-05,.,.,.,.,.,.,0.356,0.64,0.11393,0.01151,.
22,42524155,42524155,C,T,ncRNA_intronic,LOC101929829,.,1.39E-05,.,.,.,.,.,.,0.493,0.216,0.0926,0.0072,.
22,42524158,42524158,C,T,ncRNA_intronic,LOC101929829,.,0.001,.,.,.,.,.,.,0.411,5.653,0.1541,0.01354,1.47
22,42524159,42524159,G,A,ncRNA_intronic,LOC101929829,.,6.76E-05,.,.,.,.,.,.,0.549,2.036,0.14073,0.01376,.
22,42524162,42524162,G,T,ncRNA_intronic,LOC101929829,.,0.0015,.,.,.,.,.,.,0.63,2.486,0.14123,0.01612,.
22,42524162,42524162,G,A,ncRNA_intronic,LOC101929829,.,0.0007,.,.,.,.,.,.,0.526,2.737,0.13392,0.01294,.
22,42524162,42524162,G,C,ncRNA_intronic,LOC101929829,.,6.89E-05,.,.,.,.,.,.,0.437,2.068,0.15336,0.02438,.
22,42524168,42524168,A,C,ncRNA_intronic,LOC101929829,.,1.26E-05,.,.,.,.,.,.,0.645,0.863,0.12086,0.0057,.
22,42524170,42524170,T,G,ncRNA_intronic,LOC101929829,.,3.75E-05,.,.,.,.,.,.,0.714,3.724,0.19253,0.0168,0.0593
22,42524172,42524172,T,C,ncRNA_intronic,LOC101929829,.,3.71E-05,.,.,.,.,.,.,0.684,6.744,0.44944,0.51113,.
22,42524176,42524178,CTT,-,exonic,CYP2D6,nonframeshift deletion,0.019,.,.,.,.,.,.,.,.,.,.,.
22,42524176,42524176,C,T,exonic,CYP2D6,synonymous SNV,2.48E-05,.,.,.,.,.,.,0.86,11.44,0.97915,0.95337,3.38
22,42524179,42524181,CTC,-,exonic,CYP2D6,nonframeshift deletion,3.67E-05,.,.,.,.,.,.,.,.,.,.,.
22,42524182,42524182,C,T,exonic,CYP2D6,nonsynonymous SNV,1.15E-05,0.459,T,0,B,0.006,B,0.876,6.335,0.97334,0.27529,2.2
22,42524183,42524183,A,T,exonic,CYP2D6,nonsynonymous SNV,0.0023,0.01,D,0.002,B,0.035,B,0.951,14.49,0.98089,0.55735,3.28
22,42524185,42524185,C,A,exonic,CYP2D6,nonsynonymous SNV,2.24E-05,0.002,D,0.966,D,0.923,D,0.998,17.45,0.97695,0.47192,2.28
22,42524188,42524188,T,G,exonic,CYP2D6,synonymous SNV,1.10E-05,.,.,.,.,.,.,0.705,6.97,0.15016,0.0187,.
22,42524191,42524191,C,A,exonic,CYP2D6,synonymous SNV,0.0045,.,.,.,.,.,.,0.831,5.956,0.97615,0.39551,3.52
22,42524197,42524197,G,A,exonic,CYP2D6,synonymous SNV,5.10E-05,.,.,.,.,.,.,0.651,6.876,0.75361,0.05077,2.3
22,42524198,42524198,G,A,exonic,CYP2D6,nonsynonymous SNV,2.03E-05,0.026,D,0.96,D,0.764,P,0.999,16.81,0.62344,0.0997,2.35
22,42524200,42524200,C,T,exonic,CYP2D6,synonymous SNV,1.00E-05,.,.,.,.,.,.,0.806,3.683,0.43467,0.06098,.
22,42524202,42524202,-,A,exonic,CYP2D6,stopgain,9.93E-06,.,.,.,.,.,.,.,.,.,.,.
22,42524204,42524204,G,A,exonic,CYP2D6,nonsynonymous SNV,1.97E-05,1,T,0.091,B,0.254,B,0.791,0.682,0.81061,0.59966,2.44
22,42524212,42524212,T,C,exonic,CYP2D6,synonymous SNV,9.56E-06,.,.,.,.,.,.,0.803,8.155,0.94855,0.07368,.
22,42524213,42524213,C,T,exonic,CYP2D6,nonsynonymous SNV,0.0001,0.033,D,0.993,D,0.775,P,0.999,20.7,0.99134,0.69606,4.12
22,42524213,42524213,-,G,exonic,CYP2D6,frameshift insertion,0.0008,.,.,.,.,.,.,.,.,.,.,.
22,42524214,42524214,G,-,exonic,CYP2D6,frameshift deletion,9.63E-06,.,.,.,.,.,.,.,.,.,.,.
22,42524214,42524214,G,T,exonic,CYP2D6,synonymous SNV,2.86E-05,.,.,.,.,.,.,0.797,7.058,0.9552,0.34041,1.78
22,42524214,42524214,G,C,exonic,CYP2D6,nonsynonymous SNV,9.53E-06,0,D,0.994,D,0.917,D,0.997,16.34,0.95326,0.14416,1.78
22,42524214,42524214,G,A,exonic,CYP2D6,stopgain,0.0001,.,.,.,.,.,.,0.997,22.3,0.95611,0.41162,1.78
22,42524215,42524215,G,C,exonic,CYP2D6,synonymous SNV,2.80E-05,.,.,.,.,.,.,0.739,6.741,0.90424,0.20038,.
22,42524215,42524215,G,T,exonic,CYP2D6,synonymous SNV,4.67E-05,.,.,.,.,.,.,0.796,7.058,0.89992,0.22891,.
22,42524216,42524216,G,A,exonic,CYP2D6,nonsynonymous SNV,9.27E-06,0.001,D,0.999,D,0.99,D,0.998,18.61,0.97543,0.30162,4.12
22,42524216,42524216,G,C,exonic,CYP2D6,nonsynonymous SNV,1.85E-05,0.001,D,0.999,D,0.993,D,0.999,17.31,0.97946,0.52584,4.12
22,42524216,42524216,G,T,exonic,CYP2D6,nonsynonymous SNV,1.85E-05,0,D,1,D,0.998,D,0.997,17.78,0.97903,0.55815,4.12
22,42524217,42524217,-,GGGCT,exonic,CYP2D6,frameshift insertion,9.23E-06,.,.,.,.,.,.,.,.,.,.,.
22,42524218,42524218,G,T,exonic,CYP2D6,synonymous SNV,0.0106,.,.,.,.,.,.,0.82,4.991,0.13248,0.0039,.
22,42524219,42524219,G,T,exonic,CYP2D6,nonsynonymous SNV,0.0003,0,D,1,D,0.994,D,0.996,14.57,0.35976,0.93854,3.46
22,42524219,42524219,G,A,exonic,CYP2D6,nonsynonymous SNV,1.83E-05,0.016,D,0.997,D,0.969,D,0.998,15.39,0.36368,0.93554,3.46
22,42524229,42524229,G,T,exonic,CYP2D6,nonsynonymous SNV,2.70E-05,0.007,D,0.921,P,0.742,P,0.997,17.65,0.97974,0.93337,3.09
22,42524231,42524231,T,G,exonic,CYP2D6,nonsynonymous SNV,2.69E-05,0.026,D,0.75,P,0.687,P,0.989,16.57,0.98131,0.96239,3.05
22,42524237,42524237,G,A,exonic,CYP2D6,nonsynonymous SNV,7.11E-05,0.025,D,0.595,P,0.451,P,0.996,17.02,0.23989,0.06612,3.05
22,42524240,42524240,A,C,exonic,CYP2D6,nonsynonymous SNV,8.83E-06,0.536,T,0.002,B,0.012,B,0.845,11.37,0.12377,0.00916,.
22,42524242,42524242,C,G,exonic,CYP2D6,nonsynonymous SNV,1.76E-05,0.002,D,0.763,P,0.507,P,0.98,18.1,0.17356,0.13159,1.03
22,42524244,42524244,T,-,exonic,CYP2D6,frameshift deletion,0.0131,.,.,.,.,.,.,.,.,.,.,.
22,42524250,42524250,C,G,exonic,CYP2D6,nonsynonymous SNV,8.70E-06,0.021,D,1,D,0.997,D,0.998,24.7,0.98006,0.33541,4.55
22,42524251,42524254,AGTT,-,exonic,CYP2D6,frameshift deletion,0.0001,.,.,.,.,.,.,.,.,.,.,.
22,42524254,42524254,T,C,exonic,CYP2D6,synonymous SNV,8.64E-06,.,.,.,.,.,.,0.683,8.351,0.10125,0.00477,.
22,42524256,42524256,G,A,exonic,CYP2D6,synonymous SNV,8.62E-06,.,.,.,.,.,.,0.769,7.711,0.08396,0.0155,.
22,42524260,42524260,C,T,exonic,CYP2D6,synonymous SNV,8.57E-06,.,.,.,.,.,.,0.724,7.528,0.15702,0.04068,.
22,42524263,42524263,A,T,exonic,CYP2D6,nonsynonymous SNV,8.52E-06,0.304,T,0.02,B,0.049,B,0.851,11.92,0.1707,0.03209,2.32
22,42524266,42524266,C,T,exonic,CYP2D6,synonymous SNV,8.50E-06,.,.,.,.,.,.,0.734,5.729,0.14246,0.01018,.
22,42524273,42524273,G,C,exonic,CYP2D6,nonsynonymous SNV,8.42E-06,0.699,T,0.152,B,0.102,B,0.587,2.393,0.19508,0.02787,0.915
22,42524287,42524287,T,C,exonic,CYP2D6,synonymous SNV,1.67E-05,.,.,.,.,.,.,0.506,3.312,0.09894,0.00384,.
22,42524290,42524290,G,A,exonic,CYP2D6,synonymous SNV,2.50E-05,.,.,.,.,.,.,0.399,3.965,0.10169,0.03077,.
22,42524293,42524293,G,C,exonic,CYP2D6,synonymous SNV,8.32E-06,.,.,.,.,.,.,0.457,3.1,0.06106,0.01243,.
22,42524294,42524294,C,T,exonic,CYP2D6,nonsynonymous SNV,8.32E-06,0.097,T,0.059,B,0.015,B,0.932,10.63,0.17295,0.03987,0.799
22,42524295,42524295,G,A,exonic,CYP2D6,nonsynonymous SNV,4.99E-05,0.018,D,0.999,D,0.926,D,0.997,15.53,0.17388,0.03891,.
22,42524302,42524302,C,T,exonic,CYP2D6,synonymous SNV,3.32E-05,.,.,.,.,.,.,0.609,3.036,0.23983,0.15395,2.41
22,42524310,42524310,C,A,exonic,CYP2D6,nonsynonymous SNV,0.0075,0.411,T,0.167,B,0.117,B,0.882,11.43,0.11748,0.05731,.
22,42524310,42524310,C,G,exonic,CYP2D6,nonsynonymous SNV,1.66E-05,0.264,T,0.02,B,0.049,B,0.938,12.02,0.10874,0.01234,.
22,42524313,42524313,G,T,exonic,CYP2D6,nonsynonymous SNV,7.45E-05,0.17,T,0.593,P,0.524,P,0.655,7.761,0.15915,0.05296,.
22,42524314,42524314,C,T,exonic,CYP2D6,synonymous SNV,1.66E-05,.,.,.,.,.,.,0.409,3.999,0.1396,0.02171,.
22,42524315,42524315,G,C,exonic,CYP2D6,nonsynonymous SNV,8.28E-06,1,T,0,B,0,B,0.555,0.172,0.08884,0.00091,0.832
22,42524318,42524318,G,A,exonic,CYP2D6,nonsynonymous SNV,1.66E-05,0.003,D,1,D,0.996,D,0.997,18.07,0.95923,0.89012,2.27
22,42524322,42524322,T,G,exonic,CYP2D6,nonsynonymous SNV,8.28E-06,0.614,T,0.476,P,0.361,B,0.897,10.79,0.96549,0.57736,2.38
22,42524323,42524323,A,G,exonic,CYP2D6,synonymous SNV,0.0072,.,.,.,.,.,.,0.595,4.784,0.68192,0.00364,2.15
22,42524326,42524326,C,T,exonic,CYP2D6,synonymous SNV,1.66E-05,.,.,.,.,.,.,0.702,3.008,0.2064,0.08175,2.32
22,42524327,42524329,AGG,-,exonic,CYP2D6,nonframeshift deletion,8.28E-06,.,.,.,.,.,.,.,.,.,.,.
22,42524327,42524327,A,G,exonic,CYP2D6,nonsynonymous SNV,0.0002,0.024,D,0.998,D,0.987,D,0.972,12.07,0.23722,0.11512,3.43
22,42524328,42524328,G,A,exonic,CYP2D6,synonymous SNV,1.66E-05,.,.,.,.,.,.,0.621,3.027,0.1422,0.04141,1.05
22,42524331,42524331,G,A,exonic,CYP2D6,nonsynonymous SNV,0.0003,0.13,T,0.151,B,0.232,B,0.971,11.34,0.16258,0.03098,2.27
22,42524332,42524332,G,A,exonic,CYP2D6,synonymous SNV,8.28E-06,.,.,.,.,.,.,0.561,3.662,0.1315,0.01805,.
22,42524337,42524337,G,A,exonic,CYP2D6,nonsynonymous SNV,8.28E-06,0.056,T,0.998,D,0.951,D,0.998,18.52,0.9784,0.94341,4.55
22,42524341,42524341,A,G,exonic,CYP2D6,synonymous SNV,0.0002,.,.,.,.,.,.,0.314,4.644,0.05712,0.00795,.
22,42524342,42524342,G,A,exonic,CYP2D6,nonsynonymous SNV,1.66E-05,0.676,T,0.005,B,0.034,B,0.555,3.189,0.09121,0.02311,.
22,42524343,42524343,C,T,exonic,CYP2D6,nonsynonymous SNV,0.0002,0.496,T,0.02,B,0.034,B,0.857,9.389,0.13441,0.08608,.
22,42524345,42524345,T,G,exonic,CYP2D6,nonsynonymous SNV,8.28E-06,0.05,D,0.368,B,0.199,B,0.962,11.35,0.21327,0.31606,3.48
22,42524347,42524347,C,T,exonic,CYP2D6,synonymous SNV,2.49E-05,.,.,.,.,.,.,0.669,3.915,0.20265,0.07133,3.44
22,42524351,42524351,A,C,exonic,CYP2D6,nonsynonymous SNV,8.29E-06,0.001,D,0.939,P,0.889,P,0.986,15.84,0.35121,0.10214,3.08
22,42524352,42524352,C,A,exonic,CYP2D6,nonsynonymous SNV,1.66E-05,0.692,T,0.02,B,0.072,B,0.752,4.834,0.12564,0.01163,.
22,42524352,42524352,C,T,exonic,CYP2D6,nonsynonymous SNV,8.29E-06,0.197,T,0.571,P,0.378,B,0.989,13.53,0.11388,0.02973,.
22,42524356,42524356,C,T,ncRNA_intronic,LOC101929829,.,2.49E-05,.,.,.,.,.,.,0.747,2.989,0.15499,0.00246,.
22,42524358,42524358,C,T,ncRNA_intronic,LOC101929829,.,5.81E-05,.,.,.,.,.,.,0.666,0.368,0.11054,0.00415,.
22,42524358,42524358,C,G,ncRNA_intronic,LOC101929829,.,8.30E-06,.,.,.,.,.,.,0.615,0.185,0.07417,0.00091,.
22,42524368,42524368,C,A,ncRNA_intronic,LOC101929829,.,5.82E-05,.,.,.,.,.,.,0.538,0.442,0.07149,0.0038,.
22,42524368,42524368,C,T,ncRNA_intronic,LOC101929829,.,8.32E-06,.,.,.,.,.,.,0.594,0.579,0.09631,0.01131,.
22,42524368,42524368,C,G,ncRNA_intronic,LOC101929829,.,8.32E-06,.,.,.,.,.,.,0.491,0.322,0.07283,0.00535,.
22,42524369,42524369,G,C,ncRNA_intronic,LOC101929829,.,0.0006,.,.,.,.,.,.,0.492,0.761,0.10506,0.05639,.
22,42524369,42524369,G,A,ncRNA_intronic,LOC101929829,.,2.50E-05,.,.,.,.,.,.,0.599,1.144,0.09191,0.03283,.
22,42524382,42524382,C,T,ncRNA_intronic,LOC101929829,.,6.68E-05,.,.,.,.,.,.,0.333,1.999,0.10269,0.0084,.
22,42524383,42524383,T,G,ncRNA_intronic,LOC101929829,.,2.50E-05,.,.,.,.,.,.,0.462,0.733,0.06024,0.0086,.
22,42524384,42524384,C,T,ncRNA_intronic,LOC101929829,.,8.35E-06,.,.,.,.,.,.,0.394,5.927,0.16176,0.08911,0.965
22,42524388,42524388,T,G,ncRNA_intronic,LOC101929829,.,8.35E-06,.,.,.,.,.,.,0.321,4.262,0.10504,0.03769,.
22,42524389,42524389,G,A,ncRNA_intronic,LOC101929829,.,8.36E-06,.,.,.,.,.,.,0.402,0.463,0.0899,0.00873,.
22,42524394,42524394,G,C,ncRNA_intronic,LOC101929829,.,1.68E-05,.,.,.,.,.,.,0.607,6.105,0.16456,0.12741,1.85
22,42524395,42524395,C,T,ncRNA_intronic,LOC101929829,.,2.51E-05,.,.,.,.,.,.,0.569,0.692,0.03586,0.00025,.
22,42524396,42524396,G,A,ncRNA_intronic,LOC101929829,.,8.39E-06,.,.,.,.,.,.,0.57,3.342,0.11128,0.03276,.
22,42524399,42524399,C,T,ncRNA_intronic,LOC101929829,.,5.04E-05,.,.,.,.,.,.,0.608,7.852,0.14537,0.01742,1.14
22,42524404,42524404,G,A,ncRNA_intronic,LOC101929829,.,8.42E-06,.,.,.,.,.,.,0.696,8.354,0.15548,0.01767,.
22,42524738,42524738,C,T,ncRNA_intronic,LOC101929829,.,1.16E-05,.,.,.,.,.,.,0.723,1.382,0.11274,0.00562,.
22,42524741,42524741,T,G,ncRNA_intronic,LOC101929829,.,1.15E-05,.,.,.,.,.,.,0.402,3.189,0.15881,0.04725,.
22,42524742,42524742,C,T,ncRNA_intronic,LOC101929829,.,2.32E-05,.,.,.,.,.,.,0.604,5.481,0.19614,0.03499,1.06
22,42524744,42524744,G,A,ncRNA_intronic,LOC101929829,.,1.09E-05,.,.,.,.,.,.,0.904,3.515,0.12134,0.03085,.
22,42524749,42524749,T,C,ncRNA_intronic,LOC101929829,.,2.17E-05,.,.,.,.,.,.,0.309,3.927,0.0969,0.01603,.
22,42524750,42524750,C,T,ncRNA_intronic,LOC101929829,.,2.18E-05,.,.,.,.,.,.,0.888,1.109,0.06599,0.01531,.
22,42524751,42524751,G,A,ncRNA_intronic,LOC101929829,.,1.09E-05,.,.,.,.,.,.,0.772,2.136,0.11064,0.00567,.
22,42524752,42524752,C,T,ncRNA_intronic,LOC101929829,.,3.25E-05,.,.,.,.,.,.,0.879,4.333,0.13202,0.07103,.
22,42524755,42524755,T,G,ncRNA_intronic,LOC101929829,.,0.0007,.,.,.,.,.,.,0.404,3.818,0.10329,0.00158,.
22,42524756,42524756,G,A,ncRNA_intronic,LOC101929829,.,1.08E-05,.,.,.,.,.,.,0.901,1.922,0.09119,0.03208,.
22,42524757,42524757,C,T,ncRNA_intronic,LOC101929829,.,0.0001,.,.,.,.,.,.,0.841,5.406,0.16777,0.03565,2.34
22,42524758,42524759,AG,-,ncRNA_intronic,LOC101929829,.,0.0002,.,.,.,.,.,.,.,.,.,.,.
22,42524762,42524762,A,G,ncRNA_intronic,LOC101929829,.,3.21E-05,.,.,.,.,.,.,0.249,1.513,0.06588,0.00258,.
22,42524763,42524763,C,T,ncRNA_intronic,LOC101929829,.,1.07E-05,.,.,.,.,.,.,0.51,2.963,0.09837,0.00348,.
22,42524764,42524764,T,C,ncRNA_intronic,LOC101929829,.,2.13E-05,.,.,.,.,.,.,0.204,6.172,0.05045,0.00072,0.527
22,42524766,42524766,C,T,ncRNA_intronic,LOC101929829,.,0.0001,.,.,.,.,.,.,0.379,5.052,0.13991,0.01356,0.227
22,42524768,42524768,C,T,ncRNA_intronic,LOC101929829,.,3.19E-05,.,.,.,.,.,.,0.709,0.889,0.09333,0.00315,.
22,42524768,42524768,C,G,ncRNA_intronic,LOC101929829,.,1.06E-05,.,.,.,.,.,.,0.303,0.551,0.0823,0.00174,.
22,42524769,42524769,G,A,ncRNA_intronic,LOC101929829,.,7.40E-05,.,.,.,.,.,.,0.748,0.851,0.07566,0.00193,.
22,42524769,42524769,G,T,ncRNA_intronic,LOC101929829,.,1.06E-05,.,.,.,.,.,.,0.501,0.679,0.07988,0.00298,.
22,42524771,42524772,TC,-,ncRNA_intronic,LOC101929829,.,0.0003,.,.,.,.,.,.,.,.,.,.,.
22,42524770,42524770,G,T,ncRNA_intronic,LOC101929829,.,2.10E-05,.,.,.,.,.,.,0.26,3.224,0.13458,0.02019,.
22,42524772,42524772,C,G,ncRNA_intronic,LOC101929829,.,1.05E-05,.,.,.,.,.,.,0.246,4.904,0.23991,0.02356,2.19
22,42524776,42524776,C,T,ncRNA_intronic,LOC101929829,.,3.11E-05,.,.,.,.,.,.,0.718,1.347,0.11875,0.01565,.
22,42524781,42524781,C,T,ncRNA_intronic,LOC101929829,.,1.02E-05,.,.,.,.,.,.,0.78,3.785,0.13816,0.0202,.
22,42524782,42524782,G,A,ncRNA_intronic,LOC101929829,.,3.05E-05,.,.,.,.,.,.,0.608,1.907,0.1092,0.0014,.
22,42524788,42524788,C,T,exonic,CYP2D6,nonsynonymous SNV,2.00E-05,0.052,T,0.032,B,0.036,B,0.97,12.73,0.08667,0.02364,.
22,42524789,42524789,G,A,exonic,CYP2D6,synonymous SNV,9.96E-06,.,.,.,.,.,.,0.844,5.581,0.11624,0.00743,.
22,42524796,42524796,A,G,exonic,CYP2D6,nonsynonymous SNV,3.89E-05,0.121,T,0.703,P,0.245,B,0.971,11.18,0.1764,0.10942,2.01
22,42524800,42524800,C,G,exonic,CYP2D6,nonsynonymous SNV,9.77E-06,0.059,T,0.798,P,0.383,B,0.946,11.87,0.19127,0.16993,0.106
22,42524802,42524802,G,A,exonic,CYP2D6,nonsynonymous SNV,8.82E-05,0.074,T,0.035,B,0.041,B,0.983,12.25,0.25681,0.05805,2.35
22,42524802,42524802,G,T,exonic,CYP2D6,stopgain,9.80E-06,.,.,.,.,.,.,0.95,17.96,0.28328,0.12419,2.35
22,42524803,42524803,A,G,exonic,CYP2D6,nonsynonymous SNV,2.94E-05,0.072,T,0.004,B,0.023,B,0.799,9.935,0.1502,0.01672,.
22,42524805,42524805,T,G,exonic,CYP2D6,nonsynonymous SNV,3.92E-05,0.213,T,0.005,B,0.029,B,0.906,10.08,0.17832,0.04743,1.03
22,42524806,42524806,C,T,exonic,CYP2D6,nonsynonymous SNV,9.83E-06,0.159,T,0.014,B,0.056,B,0.985,12.5,0.14147,0.04294,1.07
22,42524807,42524807,C,T,exonic,CYP2D6,synonymous SNV,2.96E-05,.,.,.,.,.,.,0.843,4.285,0.12394,0.0457,.
22,42524809,42524809,C,T,exonic,CYP2D6,nonsynonymous SNV,4.95E-05,0.602,T,0.068,B,0.183,B,0.849,6.514,0.21647,0.27511,0.0538
22,42524810,42524812,CTT,-,exonic,CYP2D6,nonframeshift deletion,4.95E-05,.,.,.,.,.,.,.,.,.,.,.
22,42524812,42524812,T,C,exonic,CYP2D6,nonsynonymous SNV,9.92E-06,0.623,T,0.009,B,0.029,B,0.405,4.054,0.22296,0.07259,1.18
22,42524814,42524814,A,G,exonic,CYP2D6,nonsynonymous SNV,0.0034,0.016,D,0.985,D,0.956,D,0.993,14.3,0.21396,0.11286,3.52
22,42524815,42524815,G,A,exonic,CYP2D6,synonymous SNV,0.0043,.,.,.,.,.,.,0.825,3.7,0.10761,0.00325,.
22,42524817,42524817,C,T,exonic,CYP2D6,nonsynonymous SNV,0.0073,0.292,T,0.222,B,0.232,B,0.811,3.567,0.05812,0.00755,.
22,42524818,42524818,C,T,exonic,CYP2D6,nonsynonymous SNV,1.01E-05,0.36,T,0.002,B,0.013,B,0.691,7.514,0.08628,0.01605,.
22,42524819,42524819,C,T,exonic,CYP2D6,synonymous SNV,1.01E-05,.,.,.,.,.,.,0.858,4.113,0.07733,0.01245,.
22,42524829,42524829,A,G,exonic,CYP2D6,nonsynonymous SNV,2.09E-05,0.036,D,0.995,D,0.97,D,0.99,14.09,0.18437,0.03217,2.48
22,42524830,42524830,G,A,exonic,CYP2D6,synonymous SNV,1.05E-05,.,.,.,.,.,.,0.862,4.989,0.18459,0.02501,.
22,42524855,42524855,G,A,exonic,CYP2D6,synonymous SNV,1.31E-05,.,.,.,.,.,.,0.883,4.634,0.89294,0.6107,0.0952
22,42524857,42524857,C,A,exonic,CYP2D6,nonsynonymous SNV,1.37E-05,0,D,1,D,0.998,D,0.983,18.7,0.97867,0.87818,3.37
22,42524927,42524927,G,A,exonic,CYP2D6,synonymous SNV,5.48E-05,.,.,.,.,.,.,0.862,3.799,0.16465,0.05209,.
22,42524947,42524947,C,T,splicing,CYP2D6,.,0.1708,.,.,.,.,.,.,0.981,14.92,0.98517,0.93912,3.37
22,42524956,42524956,G,A,ncRNA_intronic,LOC101929829,.,2.80E-05,.,.,.,.,.,.,0.758,6.006,0.13387,0.03472,.
22,42524964,42524964,G,A,ncRNA_intronic,LOC101929829,.,2.76E-05,.,.,.,.,.,.,0.715,6.204,0.13956,0.0034,.
22,42524970,42524970,G,A,ncRNA_intronic,LOC101929829,.,2.70E-05,.,.,.,.,.,.,0.654,5.746,0.15754,0.01316,.
22,42524971,42524971,G,C,ncRNA_intronic,LOC101929829,.,0.0002,.,.,.,.,.,.,0.583,4.052,0.15293,0.00914,.
22,42524971,42524971,G,A,ncRNA_intronic,LOC101929829,.,2.68E-05,.,.,.,.,.,.,0.817,4.688,0.12767,0.00562,.
22,42524979,42524979,T,G,ncRNA_intronic,LOC101929829,.,2.32E-05,.,.,.,.,.,.,0.26,4.686,0.09015,0.00227,.
22,42524984,42524984,C,T,ncRNA_intronic,LOC101929829,.,2.25E-05,.,.,.,.,.,.,0.809,1.579,0.10743,0.00384,.
22,42524985,42524985,G,A,ncRNA_intronic,LOC101929829,.,2.22E-05,.,.,.,.,.,.,0.801,3.138,0.0906,0.00895,.
22,42524990,42524990,C,T,ncRNA_intronic,LOC101929829,.,2.13E-05,.,.,.,.,.,.,0.702,4.549,0.14798,0.00778,0.578
22,42524991,42524991,C,T,ncRNA_intronic,LOC101929829,.,2.12E-05,.,.,.,.,.,.,0.623,1.073,0.09935,0.0084,.
22,42524992,42524992,G,A,ncRNA_intronic,LOC101929829,.,6.27E-05,.,.,.,.,.,.,0.768,1.773,0.13991,0.00677,.
22,42524994,42524994,C,T,ncRNA_intronic,LOC101929829,.,2.03E-05,.,.,.,.,.,.,0.891,7.481,0.14106,0.04252,0.48
22,42524997,42524997,C,T,ncRNA_intronic,LOC101929829,.,3.99E-05,.,.,.,.,.,.,0.89,7.226,0.15491,0.01039,1.34
22,42525000,42525000,A,C,ncRNA_intronic,LOC101929829,.,1.94E-05,.,.,.,.,.,.,0.566,6.365,0.10585,0.00023,.
22,42525003,42525003,T,C,ncRNA_intronic,LOC101929829,.,0.0021,.,.,.,.,.,.,0.599,8.723,0.12443,0.0003,0.964
22,42525006,42525006,C,T,ncRNA_intronic,LOC101929829,.,1.86E-05,.,.,.,.,.,.,0.883,2.994,0.06624,0.0039,.
22,42525008,42525008,C,T,ncRNA_intronic,LOC101929829,.,1.80E-05,.,.,.,.,.,.,0.805,2.534,0.10826,0.01466,.
22,42525010,42525010,T,G,ncRNA_intronic,LOC101929829,.,0.0018,.,.,.,.,.,.,0.498,2.351,0.10146,0.03134,.
22,42525015,42525015,C,T,ncRNA_intronic,LOC101929829,.,1.68E-05,.,.,.,.,.,.,0.838,4.606,0.13679,0.01348,.
22,42525015,42525015,C,A,ncRNA_intronic,LOC101929829,.,1.68E-05,.,.,.,.,.,.,0.81,4.287,0.157,0.10714,.
22,42525016,42525016,C,T,ncRNA_intronic,LOC101929829,.,1.64E-05,.,.,.,.,.,.,0.847,7.284,0.17812,0.03337,1.45
22,42525022,42525022,G,A,ncRNA_intronic,LOC101929829,.,1.53E-05,.,.,.,.,.,.,0.853,4.71,0.13261,0.01338,.
22,42525028,42525028,C,T,ncRNA_intronic,LOC101929829,.,1.43E-05,.,.,.,.,.,.,0.856,8.594,0.54918,0.02373,2.35
22,42525030,42525030,C,G,ncRNA_intronic,LOC101929829,.,1.39E-05,.,.,.,.,.,.,0.665,7.945,0.60566,0.46534,3.37
22,42525031,42525031,C,G,ncRNA_intronic,LOC101929829,.,1.37E-05,.,.,.,.,.,.,0.705,4.664,0.48397,0.06013,.
22,42525035,42525035,C,T,exonic,CYP2D6,nonsynonymous SNV,0.0015,0.019,D,0.998,D,0.892,P,0.997,15.81,0.5848,0.32642,2.35
22,42525035,42525035,C,A,exonic,CYP2D6,stopgain,0.0001,.,.,.,.,.,.,0.98,17.99,0.65508,0.55491,2.35
22,42525036,42525036,G,A,exonic,CYP2D6,synonymous SNV,0.0004,.,.,.,.,.,.,0.755,3.368,0.13072,0.00969,.
22,42525038,42525038,A,C,exonic,CYP2D6,nonsynonymous SNV,5.05E-05,1,T,0,B,0,B,0.318,0.028,0.0724,0.00025,.
22,42525044,42525044,T,C,exonic,CYP2D6,nonsynonymous SNV,0.0002,1,T,0,B,0.001,B,0.43,0.003,0.06835,0.00017,2.15
22,42525045,42525045,G,A,exonic,CYP2D6,synonymous SNV,4.82E-05,.,.,.,.,.,.,0.743,0.032,0.09108,0.00734,.
22,42525048,42525048,G,A,exonic,CYP2D6,synonymous SNV,1.17E-05,.,.,.,.,.,.,0.696,0.106,0.55895,0.21605,0.0852
22,42525051,42525051,G,A,exonic,CYP2D6,synonymous SNV,1.15E-05,.,.,.,.,.,.,0.664,0.823,0.95605,0.72691,3.37
22,42525053,42525053,C,T,exonic,CYP2D6,nonsynonymous SNV,1.14E-05,0.025,D,0.996,D,0.559,P,0.998,13.04,0.8993,0.92057,2.35
22,42525054,42525054,G,A,exonic,CYP2D6,synonymous SNV,3.41E-05,.,.,.,.,.,.,0.883,0.088,0.09876,0.00792,.
22,42525057,42525057,A,G,exonic,CYP2D6,synonymous SNV,2.22E-05,.,.,.,.,.,.,0.602,0.615,0.41426,0.05031,0.0216
22,42525058,42525058,C,A,exonic,CYP2D6,nonsynonymous SNV,2.22E-05,0.003,D,1,D,0.989,D,0.986,10.12,0.66307,0.54843,2.33
22,42525060,42525060,A,G,exonic,CYP2D6,synonymous SNV,1.10E-05,.,.,.,.,.,.,0.555,0.492,0.76913,0.00661,1.17
22,42525068,42525068,C,T,exonic,CYP2D6,nonsynonymous SNV,1.07E-05,0.35,T,0.017,B,0.003,B,0.875,2.81,0.10438,0.01881,.
22,42525069,42525069,G,A,exonic,CYP2D6,synonymous SNV,0.0007,.,.,.,.,.,.,0.79,0.578,0.46136,0.03673,1.26
22,42525072,42525072,C,G,exonic,CYP2D6,nonsynonymous SNV,1.04E-05,0.001,D,1,D,0.996,D,0.996,13.08,0.95796,0.53635,0.119
22,42525073,42525073,T,G,exonic,CYP2D6,nonsynonymous SNV,6.23E-05,0.001,D,1,D,1,D,0.994,14.21,0.97614,0.96846,2.96
22,42525077,42525077,C,T,exonic,CYP2D6,nonsynonymous SNV,0.0039,0.125,T,0.13,B,0.037,B,0.985,10.34,0.31758,0.13191,.
22,42525078,42525078,G,A,exonic,CYP2D6,synonymous SNV,9.13E-05,.,.,.,.,.,.,0.8,0.558,0.1749,0.01496,.
22,42525078,42525078,G,C,exonic,CYP2D6,synonymous SNV,1.01E-05,.,.,.,.,.,.,0.599,0.312,0.16236,0.02334,.
22,42525081,42525081,C,T,exonic,CYP2D6,synonymous SNV,9.99E-06,.,.,.,.,.,.,0.902,0.149,0.23769,0.11111,0.556
22,42525084,42525084,C,T,exonic,CYP2D6,stopgain,9.89E-06,.,.,.,.,.,.,0.989,14.08,0.87556,0.53237,4.18
22,42525086,42525086,A,-,exonic,CYP2D6,frameshift deletion,0.0079,.,.,.,.,.,.,.,.,.,.,.
22,42525086,42525086,A,C,exonic,CYP2D6,nonsynonymous SNV,9.92E-06,0.32,T,0.983,D,0.948,D,0.902,8.841,0.49584,0.09381,1.73
22,42525088,42525088,T,C,exonic,CYP2D6,nonsynonymous SNV,1.94E-05,0.074,T,0.092,B,0.079,B,0.951,7.667,0.51776,0.1406,1.73
22,42525089,42525089,G,C,exonic,CYP2D6,nonsynonymous SNV,0.0024,0.77,T,0.003,B,0.003,B,0.593,0.009,0.54369,0.08137,1.97
22,42525093,42525093,C,A,exonic,CYP2D6,synonymous SNV,1.91E-05,.,.,.,.,.,.,0.693,1.821,0.97078,0.8738,1.85
22,42525095,42525095,G,A,exonic,CYP2D6,synonymous SNV,9.51E-06,.,.,.,.,.,.,0.814,1.839,0.95971,0.23055,2.03
22,42525097,42525097,G,A,exonic,CYP2D6,nonsynonymous SNV,2.83E-05,0.006,D,0.744,P,0.234,B,0.994,12.15,0.88809,0.23687,1.77
22,42525100,42525100,T,C,exonic,CYP2D6,nonsynonymous SNV,9.31E-06,0.057,T,0.031,B,0.045,B,0.991,11.31,0.9612,0.68977,3.11
22,42525108,42525108,C,T,exonic,CYP2D6,synonymous SNV,1.83E-05,.,.,.,.,.,.,0.841,2.65,0.96118,0.24078,2.07
22,42525115,42525115,A,G,exonic,CYP2D6,nonsynonymous SNV,0.0001,0.012,D,0.943,P,0.815,P,0.996,15.52,0.98256,0.93584,3.12
22,42525121,42525121,C,T,exonic,CYP2D6,nonsynonymous SNV,8.96E-06,0.011,D,0.277,B,0.12,B,0.998,13.01,0.6278,0.16404,2.08
22,42525124,42525124,A,G,exonic,CYP2D6,nonsynonymous SNV,1.78E-05,0,D,1,D,0.993,D,0.997,14.96,0.73228,0.70182,4.09
22,42525132,42525132,G,C,exonic,CYP2D6,synonymous SNV,0.4515,.,.,.,.,.,.,0.603,0.087,0.11906,0.0171,.
22,42525134,42525134,C,T,exonic,CYP2D6,nonsynonymous SNV,0.0083,0.042,D,.,.,.,.,0.928,7.841,0.13142,0.03247,.
22,42525135,42525135,G,A,exonic,CYP2D6,synonymous SNV,4.33E-05,.,.,.,.,.,.,0.815,0.592,0.15132,0.05699,.
22,42525136,42525136,G,A,exonic,CYP2D6,nonsynonymous SNV,6.06E-05,0.001,D,1,D,0.998,D,0.996,15.79,0.98135,0.94234,3.07
22,42525145,42525145,C,G,exonic,CYP2D6,nonsynonymous SNV,8.69E-06,0.017,D,0.999,D,0.983,D,0.968,15.27,0.98553,0.98512,2.41
22,42525147,42525147,C,T,exonic,CYP2D6,synonymous SNV,8.70E-06,.,.,.,.,.,.,0.815,1.975,0.99244,0.95616,4.27
22,42525150,42525150,C,T,exonic,CYP2D6,synonymous SNV,8.72E-06,.,.,.,.,.,.,0.801,1.558,0.9717,0.91014,3.25
22,42525150,42525150,C,A,exonic,CYP2D6,nonsynonymous SNV,8.72E-06,0.107,T,0.016,B,0.027,B,0.984,9.832,0.97611,0.96678,3.25
22,42525152,42525152,C,T,exonic,CYP2D6,nonsynonymous SNV,8.74E-06,0.002,D,0.997,D,0.773,P,0.998,14.65,0.31458,0.12759,1.86
22,42525153,42525153,G,A,exonic,CYP2D6,synonymous SNV,8.74E-06,.,.,.,.,.,.,0.926,0.838,0.15956,0.03446,.
22,42525154,42525154,C,T,exonic,CYP2D6,nonsynonymous SNV,8.74E-06,0.002,D,0.997,D,0.921,D,0.999,13.05,0.5422,0.0436,3.15
22,42525154,42525154,C,G,exonic,CYP2D6,nonsynonymous SNV,8.74E-06,0.001,D,0.989,D,0.961,D,0.993,11.87,0.5896,0.22391,3.15
22,42525158,42525158,A,G,exonic,CYP2D6,nonsynonymous SNV,4.38E-05,0.001,D,1,D,1,D,0.949,12.9,0.96763,0.92439,3.1
22,42525159,42525159,C,T,exonic,CYP2D6,synonymous SNV,2.63E-05,.,.,.,.,.,.,0.9,6.129,0.13764,0.02658,.
22,42525159,42525159,C,G,exonic,CYP2D6,synonymous SNV,1.75E-05,.,.,.,.,.,.,0.621,5.453,0.12687,0.0054,.
22,42525161,42525161,C,T,exonic,CYP2D6,nonsynonymous SNV,3.50E-05,0.587,T,0.073,B,0.056,B,0.967,10.4,0.22838,0.13191,3.15
22,42525162,42525162,G,A,exonic,CYP2D6,synonymous SNV,2.63E-05,.,.,.,.,.,.,0.849,5.156,0.17076,0.06953,.
22,42525168,42525168,A,G,exonic,CYP2D6,synonymous SNV,4.40E-05,.,.,.,.,.,.,0.245,3.614,0.0894,0.01232,.
22,42525168,42525168,A,C,exonic,CYP2D6,stopgain,8.79E-06,.,.,.,.,.,.,0.943,15.35,0.11874,0.00569,.
22,42525172,42525172,C,A,exonic,CYP2D6,nonsynonymous SNV,1.76E-05,0.493,T,0.405,B,0.139,B,0.809,9.878,0.20069,0.05911,0.4
22,42525172,42525172,C,T,exonic,CYP2D6,nonsynonymous SNV,8.81E-06,0.461,T,0.021,B,0.008,B,0.877,9.308,0.1729,0.00655,0.4
22,42525173,42525173,G,A,exonic,CYP2D6,nonsynonymous SNV,1.76E-05,0.138,T,0.226,B,0.041,B,0.935,11.65,0.34836,0.16108,2.94
22,42525174,42525174,C,T,exonic,CYP2D6,synonymous SNV,8.82E-06,.,.,.,.,.,.,0.877,5.693,0.14446,0.02682,.
22,42525174,42525174,C,A,exonic,CYP2D6,synonymous SNV,8.82E-06,.,.,.,.,.,.,0.777,5.363,0.16769,0.06538,.
22,42525175,42525175,G,A,exonic,CYP2D6,nonsynonymous SNV,3.53E-05,0.022,D,1,D,0.955,D,0.998,16.79,0.19337,0.08668,1.89
22,42525175,42525175,G,T,exonic,CYP2D6,nonsynonymous SNV,8.83E-06,0.001,D,0.999,D,0.985,D,0.983,16.05,0.26437,0.40077,1.89
22,42525176,42525176,C,A,exonic,CYP2D6,nonsynonymous SNV,0.0007,0.489,T,0.133,B,0.585,P,0.897,11.04,0.29552,0.50886,3.99
22,42525180,42525180,G,A,exonic,CYP2D6,synonymous SNV,0.0014,.,.,.,.,.,.,0.785,4.546,0.17308,0.01942,1.76
22,42525180,42525180,G,C,exonic,CYP2D6,nonsynonymous SNV,8.86E-06,0.456,T,0,B,0,B,0.777,9.726,0.17959,0.08431,1.76
22,42525180,42525180,G,T,exonic,CYP2D6,nonsynonymous SNV,8.86E-06,0.456,T,0,B,0,B,0.801,9.956,0.19276,0.08298,1.76
22,42525180,42525180,-,AAC,exonic,CYP2D6,nonframeshift insertion,8.86E-06,.,.,.,.,.,.,.,.,.,.,.
22,42525182,42525182,A,T,exonic,CYP2D6,nonsynonymous SNV,0.0014,0.948,T,0,B,0,B,0.684,0.353,0.07751,0.00324,.
22,42525183,42525183,C,T,exonic,CYP2D6,synonymous SNV,8.88E-06,.,.,.,.,.,.,0.746,4.787,0.19025,0.10445,0.22
22,42525185,42525185,C,T,exonic,CYP2D6,nonsynonymous SNV,2.67E-05,0.013,D,0.745,P,0.469,P,0.983,14.7,0.11773,0.02159,.
22,42525185,42525185,C,A,exonic,CYP2D6,nonsynonymous SNV,8.89E-06,0.669,T,0.005,B,0.037,B,0.74,7.317,0.12027,0.03106,.
22,42525186,42525186,C,T,exonic,CYP2D6,synonymous SNV,8.90E-06,.,.,.,.,.,.,0.826,1.281,0.07918,0.01022,.
22,42525186,42525186,C,G,exonic,CYP2D6,synonymous SNV,1.78E-05,.,.,.,.,.,.,0.506,0.866,0.07824,0.01038,.
22,42525192,42525192,G,T,ncRNA_intronic,LOC101929829,.,8.97E-06,.,.,.,.,.,.,0.547,3.796,0.16515,0.01479,.
22,42525192,42525192,G,C,ncRNA_intronic,LOC101929829,.,8.97E-06,.,.,.,.,.,.,0.428,3.495,0.178,0.01807,.
22,42525193,42525193,G,C,ncRNA_intronic,LOC101929829,.,0.0001,.,.,.,.,.,.,0.404,4.415,0.21464,0.01695,.
22,42525195,42525195,T,C,ncRNA_intronic,LOC101929829,.,0.0001,.,.,.,.,.,.,0.425,0.679,0.03325,0.00015,.
22,42525198,42525198,G,A,ncRNA_intronic,LOC101929829,.,7.21E-05,.,.,.,.,.,.,0.703,6.71,0.16323,0.03029,1.03
22,42525200,42525200,C,T,ncRNA_intronic,LOC101929829,.,2.72E-05,.,.,.,.,.,.,0.818,1.551,0.06642,0.0048,.
22,42525201,42525201,G,A,ncRNA_intronic,LOC101929829,.,0.0001,.,.,.,.,.,.,0.784,0.69,0.07283,0.00612,.
22,42525203,42525203,G,T,ncRNA_intronic,LOC101929829,.,2.73E-05,.,.,.,.,.,.,0.58,0.912,0.07601,0.01808,.
22,42525203,42525203,G,A,ncRNA_intronic,LOC101929829,.,0.0002,.,.,.,.,.,.,0.671,1.007,0.06467,0.00719,.
22,42525204,42525204,C,T,ncRNA_intronic,LOC101929829,.,9.09E-06,.,.,.,.,.,.,0.834,6.062,0.17212,0.02957,.
22,42525206,42525206,C,A,ncRNA_intronic,LOC101929829,.,2.74E-05,.,.,.,.,.,.,0.663,5.032,0.17238,0.01706,.
22,42525206,42525206,C,T,ncRNA_intronic,LOC101929829,.,9.12E-06,.,.,.,.,.,.,0.836,5.368,0.08713,0.00471,.
22,42525210,42525210,C,G,ncRNA_intronic,LOC101929829,.,4.58E-05,.,.,.,.,.,.,0.36,1.479,0.06253,0.00163,.
22,42525210,42525210,C,T,ncRNA_intronic,LOC101929829,.,9.16E-06,.,.,.,.,.,.,0.676,2.087,0.10748,0.00706,.
22,42525211,42525211,G,A,ncRNA_intronic,LOC101929829,.,9.17E-06,.,.,.,.,.,.,0.628,6.523,0.16147,0.02239,0.152
22,42525212,42525212,C,G,ncRNA_intronic,LOC101929829,.,9.18E-06,.,.,.,.,.,.,0.381,2.106,0.12964,0.02449,.
22,42525213,42525213,G,A,ncRNA_intronic,LOC101929829,.,2.76E-05,.,.,.,.,.,.,0.677,2.418,0.10674,0.01864,.
22,42525214,42525214,T,G,ncRNA_intronic,LOC101929829,.,9.18E-06,.,.,.,.,.,.,0.215,7.122,0.14565,0.00379,0.0292
22,42525216,42525216,G,A,ncRNA_intronic,LOC101929829,.,9.24E-06,.,.,.,.,.,.,0.743,10.06,0.26891,0.00905,2.76
22,42525218,42525218,C,G,ncRNA_intronic,LOC101929829,.,1.85E-05,.,.,.,.,.,.,0.67,4.457,0.11588,0.00838,.
22,42525218,42525218,C,T,ncRNA_intronic,LOC101929829,.,9.24E-06,.,.,.,.,.,.,0.846,5.121,0.13603,0.00303,.
22,42525226,42525226,C,T,ncRNA_intronic,LOC101929829,.,9.34E-06,.,.,.,.,.,.,0.505,1.341,0.11172,0.00532,.
22,42525227,42525227,A,C,ncRNA_intronic,LOC101929829,.,0.0006,.,.,.,.,.,.,0.351,2.397,0.0469,0.00074,.
22,42525227,42525227,A,G,ncRNA_intronic,LOC101929829,.,6.53E-05,.,.,.,.,.,.,0.248,2.371,0.12391,0.00268,.
22,42525230,42525230,A,G,ncRNA_intronic,LOC101929829,.,0.0006,.,.,.,.,.,.,0.377,3.513,0.11047,0.00196,0.77
22,42525233,42525233,C,T,ncRNA_intronic,LOC101929829,.,1.89E-05,.,.,.,.,.,.,0.668,4.694,0.19358,0.01045,1.96
22,42525235,42525235,C,T,ncRNA_intronic,LOC101929829,.,1.93E-05,.,.,.,.,.,.,0.585,5.211,0.21721,0.01266,0.776
22,42525236,42525236,A,C,ncRNA_intronic,LOC101929829,.,0.0001,.,.,.,.,.,.,0.314,3.124,0.19457,0.00497,.
22,42525236,42525236,A,G,ncRNA_intronic,LOC101929829,.,9.70E-06,.,.,.,.,.,.,0.294,3.096,0.07535,0.00081,.
22,42525338,42525338,T,A,ncRNA_intronic,LOC101929829,.,8.49E-05,.,.,.,.,.,.,0.527,4.31,0.13804,0.00708,.
22,42525353,42525353,A,G,ncRNA_intronic,LOC101929829,.,0.0004,.,.,.,.,.,.,0.675,2.418,0.09127,0.03455,.
22,42525356,42525356,G,A,ncRNA_intronic,LOC101929829,.,8.89E-05,.,.,.,.,.,.,0.713,0.305,0.08985,0.01451,.
22,42525358,42525358,T,G,ncRNA_intronic,LOC101929829,.,8.91E-05,.,.,.,.,.,.,0.365,3.572,0.13532,0.01812,0.782
22,42525361,42525361,G,A,ncRNA_intronic,LOC101929829,.,8.96E-05,.,.,.,.,.,.,0.369,1.793,0.14013,0.01815,.
22,42525365,42525365,C,A,ncRNA_intronic,LOC101929829,.,8.99E-05,.,.,.,.,.,.,0.498,2.003,0.11522,0.00863,.
22,42525371,42525371,G,A,ncRNA_intronic,LOC101929829,.,0.0002,.,.,.,.,.,.,0.661,0.372,0.04482,0.00369,.
22,42525390,42525390,G,A,ncRNA_intronic,LOC101929829,.,0.0006,.,.,.,.,.,.,0.875,6.221,0.10335,0.0009,.
22,42525396,42525396,G,C,ncRNA_intronic,LOC101929829,.,9.22E-05,.,.,.,.,.,.,0.806,3.508,0.04175,0.00014,.
22,42525401,42525401,C,T,ncRNA_intronic,LOC101929829,.,0.0018,.,.,.,.,.,.,0.905,9.908,0.13406,0.00782,0.00552
22,42525416,42525416,G,C,ncRNA_intronic,LOC101929829,.,0.0013,.,.,.,.,.,.,0.353,0.508,0.07865,0.00284,.
22,42525424,42525424,C,T,ncRNA_intronic,LOC101929829,.,9.62E-05,.,.,.,.,.,.,0.802,3.219,0.10221,0.00874,.
22,42525438,42525438,A,G,ncRNA_intronic,LOC101929829,.,0.0078,.,.,.,.,.,.,0.601,4.17,0.14812,0.0273,0.0954
22,42525694,42525694,C,T,ncRNA_intronic,LOC101929829,.,2.60E-05,.,.,.,.,.,.,0.882,5.454,0.11691,0.01778,.
22,42525698,42525698,C,A,ncRNA_intronic,LOC101929829,.,6.08E-05,.,.,.,.,.,.,0.661,4.992,0.13758,0.04005,.
22,42525698,42525698,C,G,ncRNA_intronic,LOC101929829,.,8.68E-06,.,.,.,.,.,.,0.367,4.483,0.12388,0.02299,.
22,42525699,42525699,G,A,ncRNA_intronic,LOC101929829,.,5.21E-05,.,.,.,.,.,.,0.769,2.069,0.08805,0.00178,.
22,42525700,42525700,G,C,ncRNA_intronic,LOC101929829,.,7.81E-05,.,.,.,.,.,.,0.435,2.219,0.09504,0.01431,.
22,42525701,42525701,G,A,ncRNA_intronic,LOC101929829,.,8.67E-06,.,.,.,.,.,.,0.465,4.827,0.13398,0.00649,.
22,42525707,42525707,C,G,ncRNA_intronic,LOC101929829,.,3.47E-05,.,.,.,.,.,.,0.535,4.366,0.11859,0.02891,.
22,42525707,42525707,C,A,ncRNA_intronic,LOC101929829,.,1.73E-05,.,.,.,.,.,.,0.688,4.702,0.14052,0.04105,.
22,42525708,42525708,G,A,ncRNA_intronic,LOC101929829,.,2.60E-05,.,.,.,.,.,.,0.811,2.457,0.07532,0.00263,.
22,42525709,42525709,G,A,ncRNA_intronic,LOC101929829,.,1.73E-05,.,.,.,.,.,.,0.757,2.593,0.10744,0.00522,.
22,42525711,42525711,A,T,ncRNA_intronic,LOC101929829,.,1.73E-05,.,.,.,.,.,.,0.551,3.681,0.14217,0.01245,.
22,42525712,42525712,A,C,ncRNA_intronic,LOC101929829,.,2.60E-05,.,.,.,.,.,.,0.376,4.533,0.21817,0.0165,1.17
22,42525715,42525716,TG,-,ncRNA_intronic,LOC101929829,.,8.66E-06,.,.,.,.,.,.,.,.,.,.,.
22,42525714,42525714,C,G,ncRNA_intronic,LOC101929829,.,8.66E-06,.,.,.,.,.,.,0.21,0.261,0.05785,0.00637,.
22,42525715,42525715,T,C,ncRNA_intronic,LOC101929829,.,7.80E-05,.,.,.,.,.,.,0.133,2.207,0.10431,0.00385,.
22,42525718,42525718,C,G,ncRNA_intronic,LOC101929829,.,2.60E-05,.,.,.,.,.,.,0.439,3.971,0.1333,0.00085,.
22,42525723,42525723,-,C,ncRNA_intronic,LOC101929829,.,6.93E-05,.,.,.,.,.,.,.,.,.,.,.
22,42525724,42525724,C,T,ncRNA_intronic,LOC101929829,.,0.0008,.,.,.,.,.,.,0.856,4.283,0.11205,0.01733,.
22,42525728,42525728,A,C,ncRNA_intronic,LOC101929829,.,0.0074,.,.,.,.,.,.,0.284,5.434,0.13817,0.00629,.
22,42525729,42525729,C,T,ncRNA_intronic,LOC101929829,.,4.33E-05,.,.,.,.,.,.,0.842,6.796,0.13898,0.01714,.
22,42525730,42525730,C,T,ncRNA_intronic,LOC101929829,.,2.60E-05,.,.,.,.,.,.,0.718,4.851,0.12605,0.01917,.
22,42525733,42525733,T,C,ncRNA_intronic,LOC101929829,.,0.0003,.,.,.,.,.,.,0.299,3.956,0.08842,0.00078,.
22,42525749,42525749,G,A,exonic,CYP2D6,nonsynonymous SNV,1.73E-05,0.003,D,0.998,D,0.773,P,0.997,14.73,0.14626,0.05059,.
22,42525750,42525750,C,T,exonic,CYP2D6,synonymous SNV,3.47E-05,.,.,.,.,.,.,0.767,0.683,0.02915,0.00434,.
22,42525751,42525751,G,A,exonic,CYP2D6,nonsynonymous SNV,8.66E-06,0.02,D,0.992,D,0.781,P,0.996,15.04,0.19306,0.04662,2.4
22,42525755,42525755,C,T,exonic,CYP2D6,nonsynonymous SNV,8.67E-06,0.057,T,0.74,P,0.219,B,0.91,11.57,0.16975,0.02469,0.00879
22,42525756,42525756,G,A,exonic,CYP2D6,synonymous SNV,0.0777,.,.,.,.,.,.,0.822,3.186,0.13534,0.01023,.
22,42525759,42525759,A,G,exonic,CYP2D6,synonymous SNV,0.001,.,.,.,.,.,.,0.372,4.302,0.07061,0.0009,.
22,42525761,42525761,C,A,exonic,CYP2D6,nonsynonymous SNV,8.68E-06,0.017,D,1,D,0.999,D,0.997,19.13,0.98074,0.4811,3.46
22,42525761,42525761,C,T,exonic,CYP2D6,nonsynonymous SNV,0.0004,0.088,T,0.983,D,0.901,P,0.997,23.3,0.98015,0.50084,3.46
22,42525766,42525766,A,G,exonic,CYP2D6,nonsynonymous SNV,8.70E-06,0.39,T,0.137,B,0.227,B,0.332,6.786,0.1521,0.00841,.
22,42525769,42525769,T,C,exonic,CYP2D6,nonsynonymous SNV,8.72E-06,0.154,T,0.047,B,0.102,B,0.918,13.57,0.36802,0.33797,3.46
22,42525772,42525772,G,A,exonic,CYP2D6,nonsynonymous SNV,0.0177,0.311,T,0.007,B,0.002,B,0.813,5.817,0.13564,0.00402,.
22,42525772,42525772,G,T,exonic,CYP2D6,nonsynonymous SNV,0.0008,0.306,T,0,B,0,B,0.547,6.34,0.09117,0.00208,.
22,42525778,42525778,G,T,exonic,CYP2D6,nonsynonymous SNV,8.90E-06,0.05,D,0.319,B,0.237,B,0.938,11.57,0.16898,0.04226,.
22,42525781,42525781,A,G,exonic,CYP2D6,nonsynonymous SNV,0.0002,0.131,T,0.004,B,0.023,B,0.341,8.453,0.06974,0.01299,.
22,42525781,42525781,A,T,exonic,CYP2D6,nonsynonymous SNV,5.35E-05,0.026,D,0.017,B,0.077,B,0.642,10.98,0.0796,0.03664,.
22,42525786,42525786,C,T,exonic,CYP2D6,synonymous SNV,2.70E-05,.,.,.,.,.,.,0.918,6.445,0.09669,0.00767,.
22,42525789,42525789,G,A,exonic,CYP2D6,synonymous SNV,1.81E-05,.,.,.,.,.,.,0.928,8.22,0.77442,0.0206,.
22,42525791,42525791,G,A,exonic,CYP2D6,nonsynonymous SNV,1.81E-05,0,D,1,D,1,D,0.998,19.33,0.96754,0.82834,1.12
22,42525792,42525792,G,C,exonic,CYP2D6,nonsynonymous SNV,9.09E-06,0.04,D,0.996,D,0.931,D,0.993,18.04,0.971,0.90886,2.44
22,42525792,42525792,G,T,exonic,CYP2D6,nonsynonymous SNV,9.09E-06,0.04,D,0.996,D,0.931,D,0.993,18.31,0.96972,0.83187,2.44
22,42525794,42525794,C,A,exonic,CYP2D6,nonsynonymous SNV,9.11E-06,0.001,D,1,D,1,D,0.991,19.79,0.9827,0.9657,3.46
22,42525795,42525795,G,C,exonic,CYP2D6,synonymous SNV,9.11E-06,.,.,.,.,.,.,0.667,5.557,0.07592,0.01364,.
22,42525795,42525795,G,A,exonic,CYP2D6,synonymous SNV,1.82E-05,.,.,.,.,.,.,0.92,6.218,0.07282,0.00704,.
22,42525796,42525796,G,T,exonic,CYP2D6,nonsynonymous SNV,2.74E-05,0.005,D,0.999,D,0.998,D,0.989,19.12,0.4553,0.30159,3.46
22,42525797,42525797,C,T,exonic,CYP2D6,nonsynonymous SNV,9.18E-06,0.08,T,0.996,D,0.804,P,0.995,19.28,0.17845,0.07007,.
22,42525799,42525799,G,A,exonic,CYP2D6,nonsynonymous SNV,1.85E-05,0.615,T,0.972,D,0.971,D,0.952,11.46,0.48365,0.19377,3.46
22,42525801,42525801,G,C,exonic,CYP2D6,nonsynonymous SNV,0.0002,0.06,T,0.529,P,0.521,P,0.981,14.29,0.50014,0.4283,1.25
22,42525804,42525804,C,G,exonic,CYP2D6,nonsynonymous SNV,9.31E-06,0.121,T,0.996,D,0.967,D,0.991,15.97,0.7659,0.28787,3.46
22,42525806,42525806,C,T,exonic,CYP2D6,nonsynonymous SNV,1.87E-05,0.024,D,0.864,P,0.537,P,0.995,15.72,0.62593,0.87906,1.19
22,42525807,42525807,G,A,exonic,CYP2D6,synonymous SNV,1.88E-05,.,.,.,.,.,.,0.88,4.926,0.12861,0.00871,.
22,42525807,42525807,G,T,exonic,CYP2D6,synonymous SNV,9.38E-06,.,.,.,.,.,.,0.738,4.601,0.13361,0.01067,.
22,42525809,42525809,C,T,exonic,CYP2D6,nonsynonymous SNV,9.42E-06,0.525,T,0.244,B,0.142,B,0.784,6.405,0.136,0.01645,.
22,42525812,42525812,G,C,exonic,CYP2D6,nonsynonymous SNV,1.90E-05,0.226,T,0.001,B,0.013,B,0.599,8.074,0.1458,0.10949,.
22,42525822,42525822,C,T,exonic,CYP2D6,synonymous SNV,1.01E-05,.,.,.,.,.,.,0.941,3.538,0.80605,0.02884,.
22,42525825,42525825,C,T,exonic,CYP2D6,synonymous SNV,2.07E-05,.,.,.,.,.,.,0.908,3.934,0.96033,0.24948,3.46
22,42525827,42525827,C,T,exonic,CYP2D6,nonsynonymous SNV,3.22E-05,0.007,D,0.995,D,0.895,P,0.999,20.8,0.98227,0.89663,3.46
22,42525827,42525827,C,G,exonic,CYP2D6,nonsynonymous SNV,1.07E-05,0.001,D,1,D,0.996,D,0.997,17.51,0.9829,0.94472,3.46
22,42525829,42525829,C,T,exonic,CYP2D6,nonsynonymous SNV,2.15E-05,0.023,D,0.245,B,0.12,B,0.995,11.81,0.92861,0.08975,3.46
22,42525829,42525829,C,G,exonic,CYP2D6,nonsynonymous SNV,5.36E-05,0.002,D,0.989,D,0.948,D,0.993,14.38,0.94003,0.34759,3.46
22,42525830,42525830,G,A,exonic,CYP2D6,nonsynonymous SNV,2.15E-05,0,D,1,D,0.954,D,0.999,15.81,0.96881,0.32267,3.46
22,42525830,42525830,G,C,exonic,CYP2D6,nonsynonymous SNV,1.08E-05,0.002,D,0.929,P,0.842,P,0.995,15.87,0.96635,0.07609,3.46
22,42525837,42525837,C,T,exonic,CYP2D6,synonymous SNV,9.77E-05,.,.,.,.,.,.,0.942,5.045,0.15062,0.02168,.
22,42525838,42525838,G,A,exonic,CYP2D6,nonsynonymous SNV,3.30E-05,0.175,T,0.079,B,0.025,B,0.952,9.414,0.17191,0.08838,.
22,42525840,42525840,C,T,exonic,CYP2D6,synonymous SNV,5.48E-05,.,.,.,.,.,.,0.928,4.437,0.20981,0.08232,3.46
22,42525847,42525847,T,G,exonic,CYP2D6,nonsynonymous SNV,2.26E-05,0.248,T,0.996,D,0.954,D,0.984,14.94,0.97255,0.24792,2.42
22,42525855,42525855,G,A,exonic,CYP2D6,synonymous SNV,3.60E-05,.,.,.,.,.,.,0.961,10.3,0.951,0.10903,.
22,42525860,42525860,C,A,exonic,CYP2D6,nonsynonymous SNV,1.23E-05,0.123,T,0.072,B,0.104,B,0.974,12.56,0.19309,0.06957,2.44
22,42525862,42525862,G,-,exonic,CYP2D6,frameshift deletion,4.97E-05,.,.,.,.,.,.,.,.,.,.,.
22,42525862,42525862,G,A,exonic,CYP2D6,nonsynonymous SNV,3.77E-05,0.695,T,0.999,D,0.967,D,0.998,15.72,0.19212,0.0694,3.46
22,42525869,42525869,A,T,exonic,CYP2D6,nonsynonymous SNV,1.32E-05,0.194,T,1,D,0.988,D,0.987,16.97,0.87633,0.17358,3.46
22,42525952,42525952,C,A,ncRNA_intronic,LOC101929829,.,0.474,.,.,.,.,.,.,0.483,2.593,0.174,0.06075,.
22,42525963,42525963,C,T,ncRNA_intronic,LOC101929829,.,0.0003,.,.,.,.,.,.,0.557,2.567,0.10663,0.01076,.
22,42526566,42526566,T,G,ncRNA_intronic,LOC101929829,.,1.91E-05,.,.,.,.,.,.,0.413,3.471,0.07299,0.00013,0.71
22,42526567,42526567,G,A,ncRNA_intronic,LOC101929829,.,0.6493,.,.,.,.,.,.,0.342,0.469,0.05867,0.00251,.
22,42526570,42526570,G,A,ncRNA_intronic,LOC101929829,.,1.60E-05,.,.,.,.,.,.,0.498,4.211,0.2068,0.06299,1.36
22,42526571,42526571,C,G,ncRNA_intronic,LOC101929829,.,0.654,.,.,.,.,.,.,0.391,1.522,0.07693,0.00049,.
22,42526571,42526571,C,T,ncRNA_intronic,LOC101929829,.,1.55E-05,.,.,.,.,.,.,0.825,10.48,0.07711,0.00562,.
22,42526573,42526573,T,G,ncRNA_intronic,LOC101929829,.,0.6566,.,.,.,.,.,.,0.514,2.388,0.12146,0.01126,.
22,42526580,42526580,G,C,ncRNA_intronic,LOC101929829,.,0.6719,.,.,.,.,.,.,0.642,3.908,0.14864,0.02409,0.737
22,42526589,42526589,C,T,ncRNA_intronic,LOC101929829,.,3.78E-05,.,.,.,.,.,.,0.509,3.948,0.07798,0.00029,.
22,42526589,42526589,C,A,ncRNA_intronic,LOC101929829,.,1.26E-05,.,.,.,.,.,.,0.617,3.643,0.1402,0.01007,.
22,42526596,42526596,C,T,ncRNA_intronic,LOC101929829,.,0.0001,.,.,.,.,.,.,0.567,4.243,0.15331,0.0404,.
22,42526602,42526602,C,T,ncRNA_intronic,LOC101929829,.,2.39E-05,.,.,.,.,.,.,0.581,5.94,0.15439,0.00818,1.29
22,42526609,42526609,C,T,ncRNA_intronic,LOC101929829,.,1.15E-05,.,.,.,.,.,.,0.682,9.961,0.96182,0.07819,2.43
22,42526610,42526610,T,C,ncRNA_intronic,LOC101929829,.,1.15E-05,.,.,.,.,.,.,0.8,11.26,0.9826,0.50051,3.46
22,42526629,42526629,T,G,exonic,CYP2D6,synonymous SNV,2.03E-05,.,.,.,.,.,.,0.543,3.289,0.11389,0.00571,.
22,42526632,42526632,T,C,exonic,CYP2D6,synonymous SNV,1.01E-05,.,.,.,.,.,.,0.488,3.023,0.10313,0.00364,.
22,42526640,42526640,G,A,exonic,CYP2D6,stopgain,4.89E-05,.,.,.,.,.,.,0.827,12.8,0.11269,0.02008,.
22,42526644,42526644,G,A,exonic,CYP2D6,synonymous SNV,5.80E-05,.,.,.,.,.,.,0.716,2.145,0.96417,0.12079,2.44
22,42526645,42526645,T,C,exonic,CYP2D6,nonsynonymous SNV,2.89E-05,0.024,D,0.998,D,0.973,D,0.998,14.92,0.97087,0.40649,3.46
22,42526652,42526652,G,A,exonic,CYP2D6,nonsynonymous SNV,9.60E-06,0.138,T,0.022,B,0.021,B,0.964,9.563,0.96513,0.4687,3.46
22,42526659,42526659,G,A,exonic,CYP2D6,synonymous SNV,9.61E-06,.,.,.,.,.,.,0.805,4.693,0.9669,0.8726,2.44
22,42526664,42526664,C,T,exonic,CYP2D6,nonsynonymous SNV,9.68E-06,0.014,D,1,D,1,D,0.999,21.9,0.98843,0.97893,3.46
22,42526666,42526666,A,C,exonic,CYP2D6,nonsynonymous SNV,9.69E-06,0.001,D,1,D,0.992,D,0.997,16.83,0.98708,0.89766,3.46
22,42526667,42526667,G,A,exonic,CYP2D6,synonymous SNV,1.94E-05,.,.,.,.,.,.,0.765,3.124,0.88764,0.21188,2.41
22,42526669,42526669,C,T,exonic,CYP2D6,nonsynonymous SNV,0.0003,0.019,D,0.99,D,0.953,D,0.993,12.45,0.20004,0.09086,.
22,42526670,42526670,C,T,exonic,CYP2D6,nonsynonymous SNV,3.90E-05,0.025,D,0.998,D,0.955,D,0.996,11.57,0.1524,0.03442,0.0771
22,42526671,42526671,G,A,exonic,CYP2D6,synonymous SNV,4.87E-05,.,.,.,.,.,.,0.917,0.107,0.03961,0.00501,.
22,42526672,42526672,G,A,exonic,CYP2D6,nonsynonymous SNV,9.80E-06,0,D,1,D,1,D,0.998,17.13,0.98884,0.98527,3.46
22,42526673,42526673,G,A,exonic,CYP2D6,nonsynonymous SNV,4.90E-05,0.002,D,1,D,1,D,0.999,16.91,0.98903,0.97078,3.46
22,42526675,42526675,A,T,exonic,CYP2D6,nonsynonymous SNV,9.82E-06,0.002,D,0.99,D,0.964,D,0.992,13.09,0.93932,0.87474,2.38
22,42526683,42526683,G,T,exonic,CYP2D6,synonymous SNV,2.04E-05,.,.,.,.,.,.,0.782,0.783,0.23497,0.03758,.
22,42526686,42526686,G,A,exonic,CYP2D6,synonymous SNV,0.0013,.,.,.,.,.,.,0.817,1.244,0.94953,0.71875,1.23
22,42526691,42526691,G,A,exonic,CYP2D6,nonsynonymous SNV,3.12E-05,0.001,D,0.999,D,0.987,D,0.999,16.43,0.98874,0.98523,3.46
22,42526692,42526692,T,C,exonic,CYP2D6,synonymous SNV,0.0013,.,.,.,.,.,.,0.431,0.766,0.06316,0.00269,.
22,42526693,42526693,G,T,exonic,CYP2D6,nonsynonymous SNV,1.04E-05,0,D,1,D,1,D,0.988,17.61,0.98939,0.98685,3.46
22,42526694,42526694,G,A,exonic,CYP2D6,nonsynonymous SNV,0.2467,0.023,D,1,D,1,D,0.999,18.34,0.98903,0.985,3.46
22,42526695,42526695,G,A,exonic,CYP2D6,synonymous SNV,1.10E-05,.,.,.,.,.,.,0.824,5.746,0.96452,0.75673,2.44
22,42526700,42526700,G,A,exonic,CYP2D6,nonsynonymous SNV,4.54E-05,0.029,D,0.515,P,0.117,B,0.992,11.11,0.17552,0.18562,1.23
22,42526702,42526702,G,T,exonic,CYP2D6,nonsynonymous SNV,1.15E-05,0.32,T,0.957,D,0.613,P,0.986,15.58,0.23316,0.41514,3.46
22,42526710,42526710,G,C,exonic,CYP2D6,synonymous SNV,1.22E-05,.,.,.,.,.,.,0.829,9.055,0.94745,0.15877,1.36
22,42526711,42526711,C,T,exonic,CYP2D6,nonsynonymous SNV,1.24E-05,0.042,D,0.014,B,0.013,B,0.993,13.21,0.93669,0.14833,3.46
22,42526711,42526711,C,A,exonic,CYP2D6,nonsynonymous SNV,1.24E-05,0.01,D,0.311,B,0.297,B,0.997,15.32,0.93221,0.13829,3.46
22,42526712,42526712,G,A,exonic,CYP2D6,nonsynonymous SNV,0.0036,0.033,D,0.032,B,0.021,B,0.997,14.77,0.96173,0.18536,3.46
22,42526717,42526717,C,T,exonic,CYP2D6,nonsynonymous SNV,0.0034,0.098,T,0.052,B,0.032,B,0.994,14.41,0.93606,0.1028,2.44
22,42526718,42526718,G,A,exonic,CYP2D6,nonsynonymous SNV,2.58E-05,0,D,0.234,B,0.077,B,0.997,13.93,0.93471,0.16817,3.46
22,42526720,42526720,C,T,exonic,CYP2D6,nonsynonymous SNV,2.62E-05,0.034,D,0.82,P,0.298,B,0.999,17.59,0.96156,0.43428,2.44
22,42526721,42526721,G,A,exonic,CYP2D6,nonsynonymous SNV,4.00E-05,0.015,D,0.72,P,0.168,B,0.997,15.03,0.94514,0.07806,.
22,42526752,42526752,G,A,exonic,CYP2D6,synonymous SNV,3.22E-05,.,.,.,.,.,.,0.739,1.93,0.83122,0.17849,2.44
22,42526753,42526753,G,A,exonic,CYP2D6,nonsynonymous SNV,1.63E-05,0.611,T,0.005,B,0.003,B,0.854,5.254,0.78454,0.00723,0.193
22,42526755,42526755,C,T,exonic,CYP2D6,synonymous SNV,1.68E-05,.,.,.,.,.,.,0.555,0.245,0.70997,0.0722,3.46
22,42526763,42526763,C,T,exonic,CYP2D6,nonsynonymous SNV,0.053,0.111,T,0.643,P,0.024,B,0.731,3.418,0.12023,0.01174,.
22,42526764,42526764,G,T,exonic,CYP2D6,synonymous SNV,3.90E-05,.,.,.,.,.,.,0.528,0.032,0.10238,0.01063,.
22,42526773,42526773,C,A,exonic,CYP2D6,synonymous SNV,2.22E-05,.,.,.,.,.,.,0.501,0.028,0.15444,0.08573,.
22,42526775,42526775,C,T,exonic,CYP2D6,nonsynonymous SNV,0.0033,0.218,T,0.007,B,0.003,B,0.56,1.817,0.16002,0.02,0.0648
22,42526776,42526776,C,T,exonic,CYP2D6,synonymous SNV,0.0003,.,.,.,.,.,.,0.547,0.056,0.62162,0.4591,3.46
22,42526778,42526778,G,C,exonic,CYP2D6,nonsynonymous SNV,2.41E-05,0.01,D,0.999,D,0.981,D,0.925,5.556,0.36331,0.34213,1.37
22,42526780,42526780,G,A,exonic,CYP2D6,nonsynonymous SNV,4.93E-05,0.119,T,0.004,B,0.002,B,0.881,7.065,0.10992,0.00774,.
22,42526788,42526788,C,G,exonic,CYP2D6,synonymous SNV,2.78E-05,.,.,.,.,.,.,0.572,0.552,0.94747,0.19481,0.045
22,42526808,42526808,C,A,ncRNA_exonic,LOC101929829,.,3.56E-05,.,.,.,.,.,.,0.421,4.959,0.12883,0.01285,.
22,42526815,42526815,G,T,ncRNA_exonic,LOC101929829,.,3.77E-05,.,.,.,.,.,.,0.684,3.2,0.09644,0.03844,.
22,42526816,42526816,C,G,ncRNA_exonic,LOC101929829,.,0.0019,.,.,.,.,.,.,0.601,5.87,0.13369,0.04002,.
22,42526823,42526823,G,A,ncRNA_exonic,LOC101929829,.,0.0002,.,.,.,.,.,.,0.689,7.254,0.21567,0.08231,2.53
22,42526836,42526836,-,C,ncRNA_exonic,LOC101929829,.,0.0157,.,.,.,.,.,.,.,.,.,.,.
22,42526837,42526837,C,A,ncRNA_exonic,LOC101929829,.,0.0002,.,.,.,.,.,.,0.644,5.833,0.14145,0.01409,1.53
22,42526839,42526839,C,T,ncRNA_exonic,LOC101929829,.,4.50E-05,.,.,.,.,.,.,0.781,4.23,0.13561,0.02022,.